,Time,1,2,3,4,5,6
S/N,,720319,720319,720319,720319,720319,720319
Type,,TGP-4500,TGP-4500,TGP-4500,TGP-4500,TGP-4500,TGP-4500
Description,,Light Interception 001,Light Interception 001,Light Interception 001,Light Interception 001,Light Interception 001,Light Interception 001
Property,,Maximum Temperature,Temperature,Minimum Temperature,Maximum Humidity,Humidity,Minimum Humidity
1,2014-07-25 09:22:35,,25.107 °C,,,47.2 %RH,
2,2014-07-25 09:23:05,25.247 °C,25.247 °C,25.108 °C,53.5 %RH,47.5 %RH,47.5 %RH
3,2014-07-25 09:23:35,25.484 °C,25.484 °C,25.256 °C,47.2 %RH,47.0 %RH,46.7 %RH
4,2014-07-25 09:24:05,25.588 °C,25.588 °C,25.489 °C,47.2 %RH,47.0 %RH,46.7 %RH
5,2014-07-25 09:24:35,25.612 °C,25.610 °C,25.591 °C,47.0 %RH,47.0 %RH,47.0 %RH
6,2014-07-25 09:25:05,25.612 °C,25.597 °C,25.597 °C,47.0 %RH,47.0 %RH,47.0 %RH
7,2014-07-25 09:25:35,25.599 °C,25.566 °C,25.566 °C,47.2 %RH,47.2 %RH,47.0 %RH
8,2014-07-25 09:26:05,25.565 °C,25.527 °C,25.527 °C,47.2 %RH,47.0 %RH,47.0 %RH
9,2014-07-25 09:26:35,25.525 °C,25.486 °C,25.486 °C,47.0 %RH,47.0 %RH,46.7 %RH
10,2014-07-25 09:27:05,25.484 °C,25.439 °C,25.439 °C,47.0 %RH,46.7 %RH,46.7 %RH
11,2014-07-25 09:27:35,25.439 °C,25.398 °C,25.396 °C,46.7 %RH,46.7 %RH,46.5 %RH
12,2014-07-25 09:28:05,25.395 °C,25.357 °C,25.355 °C,46.5 %RH,46.5 %RH,46.5 %RH
13,2014-07-25 09:28:35,25.354 °C,25.311 °C,25.307 °C,46.5 %RH,46.2 %RH,46.2 %RH
14,2014-07-25 09:29:05,25.313 °C,25.276 °C,25.276 °C,46.2 %RH,46.2 %RH,46.2 %RH
15,2014-07-25 09:29:35,25.273 °C,25.237 °C,25.237 °C,46.5 %RH,46.2 %RH,46.2 %RH
16,2014-07-25 09:30:05,25.237 °C,25.196 °C,25.196 °C,46.2 %RH,46.0 %RH,46.0 %RH
17,2014-07-25 09:30:35,25.196 °C,25.162 °C,25.162 °C,46.2 %RH,46.2 %RH,46.0 %RH
18,2014-07-25 09:31:05,25.159 °C,25.127 °C,25.127 °C,46.2 %RH,46.0 %RH,46.0 %RH
19,2014-07-25 09:31:35,25.126 °C,25.092 °C,25.091 °C,46.0 %RH,45.7 %RH,45.7 %RH
20,2014-07-25 09:32:05,25.091 °C,25.057 °C,25.057 °C,46.0 %RH,46.0 %RH,45.7 %RH
21,2014-07-25 09:32:35,25.056 °C,25.025 °C,25.025 °C,46.0 %RH,45.7 %RH,45.7 %RH
22,2014-07-25 09:33:05,25.025 °C,24.991 °C,24.991 °C,45.7 %RH,45.7 %RH,45.7 %RH
23,2014-07-25 09:33:35,24.991 °C,24.958 °C,24.958 °C,45.7 %RH,45.5 %RH,45.5 %RH
24,2014-07-25 09:34:05,24.959 °C,24.925 °C,24.925 °C,45.7 %RH,45.7 %RH,45.5 %RH
25,2014-07-25 09:34:35,24.927 °C,24.896 °C,24.896 °C,45.7 %RH,45.7 %RH,45.7 %RH
26,2014-07-25 09:35:05,24.896 °C,24.870 °C,24.867 °C,45.7 %RH,45.5 %RH,45.5 %RH
27,2014-07-25 09:35:35,24.866 °C,24.838 °C,24.838 °C,45.5 %RH,45.5 %RH,45.5 %RH
28,2014-07-25 09:36:05,24.838 °C,24.813 °C,24.812 °C,45.5 %RH,45.5 %RH,45.5 %RH
29,2014-07-25 09:36:35,24.810 °C,24.790 °C,24.790 °C,45.5 %RH,45.5 %RH,45.5 %RH
30,2014-07-25 09:37:05,24.788 °C,24.771 °C,24.769 °C,45.5 %RH,45.5 %RH,45.5 %RH
31,2014-07-25 09:37:35,24.769 °C,24.753 °C,24.752 °C,45.5 %RH,45.5 %RH,45.5 %RH
32,2014-07-25 09:38:05,24.753 °C,24.734 °C,24.734 °C,45.5 %RH,45.5 %RH,45.2 %RH
33,2014-07-25 09:38:35,24.736 °C,24.721 °C,24.721 °C,45.5 %RH,45.5 %RH,45.5 %RH
34,2014-07-25 09:39:05,24.721 °C,24.707 °C,24.707 °C,45.5 %RH,45.2 %RH,45.2 %RH
35,2014-07-25 09:39:35,24.708 °C,24.692 °C,24.692 °C,45.2 %RH,45.2 %RH,45.2 %RH
36,2014-07-25 09:40:05,24.690 °C,24.676 °C,24.676 °C,45.5 %RH,45.2 %RH,45.2 %RH
37,2014-07-25 09:40:35,24.676 °C,24.660 °C,24.660 °C,45.2 %RH,45.2 %RH,45.2 %RH
38,2014-07-25 09:41:05,24.658 °C,24.644 °C,24.644 °C,45.2 %RH,45.2 %RH,45.2 %RH
39,2014-07-25 09:41:35,24.644 °C,24.626 °C,24.626 °C,45.5 %RH,45.2 %RH,45.2 %RH
40,2014-07-25 09:42:05,24.626 °C,24.610 °C,24.610 °C,45.5 %RH,45.5 %RH,45.2 %RH
41,2014-07-25 09:42:35,24.610 °C,24.593 °C,24.593 °C,45.5 %RH,45.2 %RH,45.2 %RH
42,2014-07-25 09:43:05,24.593 °C,24.575 °C,24.575 °C,45.5 %RH,45.2 %RH,45.2 %RH
43,2014-07-25 09:43:35,24.575 °C,24.558 °C,24.558 °C,45.5 %RH,45.5 %RH,45.2 %RH
44,2014-07-25 09:44:05,24.559 °C,24.542 °C,24.542 °C,45.5 %RH,45.5 %RH,45.2 %RH
45,2014-07-25 09:44:35,24.542 °C,24.526 °C,24.526 °C,45.5 %RH,45.5 %RH,45.5 %RH
46,2014-07-25 09:45:05,24.526 °C,24.508 °C,24.508 °C,45.5 %RH,45.5 %RH,45.5 %RH
47,2014-07-25 09:45:35,24.508 °C,24.492 °C,24.492 °C,45.5 %RH,45.5 %RH,45.2 %RH
48,2014-07-25 09:46:05,24.492 °C,24.476 °C,24.476 °C,45.5 %RH,45.5 %RH,45.2 %RH
49,2014-07-25 09:46:35,24.475 °C,24.459 °C,24.459 °C,45.5 %RH,45.5 %RH,45.5 %RH
50,2014-07-25 09:47:05,24.459 °C,24.443 °C,24.443 °C,45.5 %RH,45.5 %RH,45.5 %RH
51,2014-07-25 09:47:35,24.443 °C,24.427 °C,24.427 °C,45.5 %RH,45.5 %RH,45.2 %RH
52,2014-07-25 09:48:05,24.427 °C,24.411 °C,24.411 °C,45.5 %RH,45.5 %RH,45.2 %RH
53,2014-07-25 09:48:35,24.411 °C,24.396 °C,24.396 °C,45.5 %RH,45.5 %RH,45.5 %RH
54,2014-07-25 09:49:05,24.393 °C,24.377 °C,24.377 °C,45.5 %RH,45.5 %RH,45.5 %RH
55,2014-07-25 09:49:35,24.379 °C,24.364 °C,24.363 °C,45.5 %RH,45.5 %RH,45.2 %RH
56,2014-07-25 09:50:05,24.363 °C,24.347 °C,24.347 °C,45.5 %RH,45.5 %RH,45.5 %RH
57,2014-07-25 09:50:35,24.349 °C,24.330 °C,24.330 °C,45.5 %RH,45.5 %RH,45.2 %RH
58,2014-07-25 09:51:05,24.332 °C,24.316 °C,24.316 °C,45.5 %RH,45.5 %RH,45.5 %RH
59,2014-07-25 09:51:35,24.316 °C,24.298 °C,24.298 °C,45.5 %RH,45.5 %RH,45.5 %RH
60,2014-07-25 09:52:05,24.300 °C,24.285 °C,24.282 °C,45.5 %RH,45.5 %RH,45.5 %RH
61,2014-07-25 09:52:35,24.284 °C,24.271 °C,24.271 °C,45.5 %RH,45.5 %RH,45.5 %RH
62,2014-07-25 09:53:05,24.271 °C,24.253 °C,24.253 °C,45.5 %RH,45.5 %RH,45.2 %RH
63,2014-07-25 09:53:35,24.255 °C,24.239 °C,24.239 °C,45.5 %RH,45.2 %RH,45.2 %RH
64,2014-07-25 09:54:05,24.239 °C,24.223 °C,24.223 °C,45.5 %RH,45.2 %RH,45.2 %RH
65,2014-07-25 09:54:35,24.224 °C,24.208 °C,24.208 °C,45.5 %RH,45.5 %RH,45.2 %RH
66,2014-07-25 09:55:05,24.210 °C,24.194 °C,24.194 °C,45.5 %RH,45.2 %RH,45.2 %RH
67,2014-07-25 09:55:35,24.195 °C,24.181 °C,24.179 °C,45.5 %RH,45.5 %RH,45.2 %RH
68,2014-07-25 09:56:05,24.179 °C,24.163 °C,24.163 °C,45.5 %RH,45.5 %RH,45.2 %RH
69,2014-07-25 09:56:35,24.166 °C,24.149 °C,24.149 °C,45.5 %RH,45.5 %RH,45.2 %RH
70,2014-07-25 09:57:05,24.151 °C,24.137 °C,24.135 °C,45.5 %RH,45.5 %RH,45.2 %RH
71,2014-07-25 09:57:35,24.135 °C,24.122 °C,24.122 °C,45.5 %RH,45.5 %RH,45.2 %RH
72,2014-07-25 09:58:05,24.121 °C,24.106 °C,24.106 °C,45.5 %RH,45.5 %RH,45.5 %RH
73,2014-07-25 09:58:35,24.108 °C,24.093 °C,24.093 °C,45.5 %RH,45.5 %RH,45.2 %RH
74,2014-07-25 09:59:05,24.095 °C,24.079 °C,24.079 °C,45.5 %RH,45.5 %RH,45.2 %RH
75,2014-07-25 09:59:35,24.079 °C,24.067 °C,24.066 °C,45.5 %RH,45.2 %RH,45.2 %RH
76,2014-07-25 10:00:05,24.066 °C,24.054 °C,24.051 °C,45.5 %RH,45.2 %RH,45.2 %RH
77,2014-07-25 10:00:35,24.053 °C,24.039 °C,24.039 °C,45.5 %RH,45.5 %RH,45.2 %RH
78,2014-07-25 10:01:05,24.039 °C,24.023 °C,24.023 °C,45.5 %RH,45.2 %RH,45.2 %RH
79,2014-07-25 10:01:35,24.023 °C,24.013 °C,24.012 °C,45.5 %RH,45.2 %RH,45.2 %RH
80,2014-07-25 10:02:05,24.013 °C,23.997 °C,23.997 °C,45.5 %RH,45.5 %RH,45.2 %RH
81,2014-07-25 10:02:35,23.997 °C,23.989 °C,23.986 °C,45.5 %RH,45.5 %RH,45.2 %RH
82,2014-07-25 10:03:05,23.987 °C,23.971 °C,23.971 °C,45.5 %RH,45.2 %RH,45.2 %RH
83,2014-07-25 10:03:35,23.971 °C,23.960 °C,23.960 °C,45.5 %RH,45.5 %RH,45.2 %RH
84,2014-07-25 10:04:05,23.958 °C,23.945 °C,23.945 °C,45.5 %RH,45.5 %RH,45.2 %RH
85,2014-07-25 10:04:35,23.946 °C,23.933 °C,23.933 °C,45.5 %RH,45.2 %RH,45.2 %RH
86,2014-07-25 10:05:05,23.932 °C,23.922 °C,23.920 °C,45.5 %RH,45.5 %RH,45.2 %RH
87,2014-07-25 10:05:35,23.920 °C,23.909 °C,23.909 °C,45.5 %RH,45.5 %RH,45.2 %RH
88,2014-07-25 10:06:05,23.907 °C,23.896 °C,23.896 °C,45.5 %RH,45.5 %RH,45.2 %RH
89,2014-07-25 10:06:35,23.896 °C,23.882 °C,23.882 °C,45.5 %RH,45.2 %RH,45.2 %RH
90,2014-07-25 10:07:05,23.882 °C,23.871 °C,23.871 °C,45.5 %RH,45.5 %RH,45.2 %RH
91,2014-07-25 10:07:35,23.871 °C,23.859 °C,23.858 °C,45.5 %RH,45.5 %RH,45.2 %RH
92,2014-07-25 10:08:05,23.859 °C,23.846 °C,23.846 °C,45.5 %RH,45.2 %RH,45.2 %RH
93,2014-07-25 10:08:35,23.845 °C,23.835 °C,23.833 °C,45.5 %RH,45.2 %RH,45.2 %RH
94,2014-07-25 10:09:05,23.836 °C,23.823 °C,23.823 °C,45.5 %RH,45.2 %RH,45.2 %RH
95,2014-07-25 10:09:35,23.824 °C,23.813 °C,23.811 °C,45.5 %RH,45.2 %RH,45.2 %RH
96,2014-07-25 10:10:05,23.811 °C,23.800 °C,23.800 °C,45.5 %RH,45.2 %RH,45.2 %RH
97,2014-07-25 10:10:35,23.798 °C,23.787 °C,23.787 °C,45.5 %RH,45.2 %RH,45.2 %RH
98,2014-07-25 10:11:05,23.788 °C,23.776 °C,23.776 °C,45.5 %RH,45.2 %RH,45.2 %RH
99,2014-07-25 10:11:35,23.776 °C,23.766 °C,23.765 °C,45.5 %RH,45.2 %RH,45.2 %RH
100,2014-07-25 10:12:05,23.765 °C,23.755 °C,23.755 °C,45.5 %RH,45.2 %RH,45.2 %RH
101,2014-07-25 10:12:35,23.755 °C,23.742 °C,23.742 °C,45.5 %RH,45.2 %RH,45.2 %RH
102,2014-07-25 10:13:05,23.742 °C,23.730 °C,23.730 °C,45.5 %RH,45.5 %RH,45.2 %RH
103,2014-07-25 10:13:35,23.731 °C,23.721 °C,23.721 °C,45.5 %RH,45.2 %RH,45.2 %RH
104,2014-07-25 10:14:05,23.721 °C,23.711 °C,23.711 °C,45.5 %RH,45.2 %RH,45.2 %RH
105,2014-07-25 10:14:35,23.710 °C,23.698 °C,23.698 °C,45.5 %RH,45.2 %RH,45.2 %RH
106,2014-07-25 10:15:05,23.701 °C,23.689 °C,23.689 °C,45.5 %RH,45.2 %RH,45.2 %RH
107,2014-07-25 10:15:35,23.689 °C,23.681 °C,23.676 °C,45.5 %RH,45.2 %RH,45.2 %RH
108,2014-07-25 10:16:05,23.679 °C,23.669 °C,23.669 °C,45.2 %RH,45.2 %RH,45.2 %RH
109,2014-07-25 10:16:35,23.669 °C,23.660 °C,23.659 °C,45.5 %RH,45.2 %RH,45.2 %RH
110,2014-07-25 10:17:05,23.660 °C,23.649 °C,23.649 °C,45.5 %RH,45.2 %RH,45.2 %RH
111,2014-07-25 10:17:35,23.649 °C,23.639 °C,23.639 °C,45.2 %RH,45.2 %RH,45.2 %RH
112,2014-07-25 10:18:05,23.640 °C,23.631 °C,23.630 °C,45.5 %RH,45.2 %RH,45.2 %RH
113,2014-07-25 10:18:35,23.630 °C,23.620 °C,23.620 °C,45.2 %RH,45.2 %RH,45.2 %RH
114,2014-07-25 10:19:05,23.621 °C,23.609 °C,23.609 °C,45.2 %RH,45.2 %RH,45.2 %RH
115,2014-07-25 10:19:35,23.609 °C,23.601 °C,23.601 °C,45.2 %RH,45.2 %RH,45.2 %RH
116,2014-07-25 10:20:05,23.602 °C,23.594 °C,23.592 °C,45.2 %RH,45.2 %RH,45.2 %RH
117,2014-07-25 10:20:35,23.594 °C,23.582 °C,23.582 °C,45.2 %RH,45.2 %RH,45.2 %RH
118,2014-07-25 10:21:05,23.582 °C,23.573 °C,23.573 °C,45.2 %RH,45.2 %RH,45.2 %RH
119,2014-07-25 10:21:35,23.575 °C,23.565 °C,23.565 °C,45.2 %RH,45.2 %RH,45.2 %RH
120,2014-07-25 10:22:05,23.565 °C,23.556 °C,23.554 °C,45.5 %RH,45.2 %RH,45.2 %RH
121,2014-07-25 10:22:35,23.554 °C,23.546 °C,23.546 °C,45.5 %RH,45.2 %RH,45.2 %RH
122,2014-07-25 10:23:05,23.547 °C,23.538 °C,23.538 °C,45.5 %RH,45.2 %RH,45.2 %RH
123,2014-07-25 10:23:35,23.537 °C,23.528 °C,23.528 °C,45.5 %RH,45.2 %RH,45.2 %RH
124,2014-07-25 10:24:05,23.530 °C,23.520 °C,23.520 °C,45.5 %RH,45.5 %RH,45.2 %RH
125,2014-07-25 10:24:35,23.522 °C,23.512 °C,23.511 °C,45.5 %RH,45.5 %RH,45.2 %RH
126,2014-07-25 10:25:05,23.514 °C,23.506 °C,23.504 °C,45.5 %RH,45.5 %RH,45.2 %RH
127,2014-07-25 10:25:35,23.505 °C,23.496 °C,23.496 °C,45.5 %RH,45.5 %RH,45.2 %RH
128,2014-07-25 10:26:05,23.498 °C,23.489 °C,23.489 °C,45.5 %RH,45.5 %RH,45.5 %RH
129,2014-07-25 10:26:35,23.489 °C,23.482 °C,23.480 °C,45.5 %RH,45.5 %RH,45.2 %RH
130,2014-07-25 10:27:05,23.482 °C,23.472 °C,23.472 °C,45.5 %RH,45.5 %RH,45.5 %RH
131,2014-07-25 10:27:35,23.475 °C,23.464 °C,23.464 °C,45.5 %RH,45.5 %RH,45.5 %RH
132,2014-07-25 10:28:05,23.464 °C,23.459 °C,23.459 °C,45.5 %RH,45.5 %RH,45.2 %RH
133,2014-07-25 10:28:35,23.460 °C,23.448 °C,23.448 °C,45.5 %RH,45.5 %RH,45.5 %RH
134,2014-07-25 10:29:05,23.450 °C,23.441 °C,23.441 °C,45.5 %RH,45.5 %RH,45.5 %RH
135,2014-07-25 10:29:35,23.441 °C,23.435 °C,23.435 °C,45.5 %RH,45.5 %RH,45.5 %RH
136,2014-07-25 10:30:05,23.435 °C,23.430 °C,23.427 °C,45.5 %RH,45.5 %RH,45.5 %RH
137,2014-07-25 10:30:35,23.428 °C,23.421 °C,23.421 °C,45.5 %RH,45.5 %RH,45.5 %RH
138,2014-07-25 10:31:05,23.421 °C,23.414 °C,23.412 °C,45.5 %RH,45.5 %RH,45.5 %RH
139,2014-07-25 10:31:35,23.412 °C,23.405 °C,23.405 °C,45.5 %RH,45.5 %RH,45.5 %RH
140,2014-07-25 10:32:05,23.406 °C,23.398 °C,23.398 °C,45.5 %RH,45.5 %RH,45.5 %RH
141,2014-07-25 10:32:35,23.401 °C,23.390 °C,23.390 °C,45.5 %RH,45.5 %RH,45.5 %RH
142,2014-07-25 10:33:05,23.392 °C,23.383 °C,23.383 °C,45.5 %RH,45.5 %RH,45.5 %RH
143,2014-07-25 10:33:35,23.386 °C,23.377 °C,23.377 °C,45.5 %RH,45.5 %RH,45.5 %RH
144,2014-07-25 10:34:05,23.379 °C,23.372 °C,23.370 °C,45.5 %RH,45.5 %RH,45.2 %RH
145,2014-07-25 10:34:35,23.370 °C,23.364 °C,23.363 °C,45.5 %RH,45.5 %RH,45.5 %RH
146,2014-07-25 10:35:05,23.366 °C,23.360 °C,23.356 °C,45.5 %RH,45.2 %RH,45.2 %RH
147,2014-07-25 10:35:35,23.357 °C,23.351 °C,23.350 °C,45.5 %RH,45.5 %RH,45.2 %RH
148,2014-07-25 10:36:05,23.350 °C,23.344 °C,23.343 °C,45.5 %RH,45.5 %RH,45.2 %RH
149,2014-07-25 10:36:35,23.343 °C,23.338 °C,23.335 °C,45.5 %RH,45.5 %RH,45.2 %RH
150,2014-07-25 10:37:05,23.337 °C,23.330 °C,23.330 °C,45.5 %RH,45.5 %RH,45.2 %RH
151,2014-07-25 10:37:35,23.331 °C,23.327 °C,23.324 °C,45.5 %RH,45.5 %RH,45.2 %RH
152,2014-07-25 10:38:05,23.325 °C,23.318 °C,23.318 °C,45.5 %RH,45.2 %RH,45.2 %RH
153,2014-07-25 10:38:35,23.319 °C,23.311 °C,23.309 °C,45.5 %RH,45.2 %RH,45.2 %RH
154,2014-07-25 10:39:05,23.311 °C,23.303 °C,23.303 °C,45.5 %RH,45.2 %RH,45.2 %RH
155,2014-07-25 10:39:35,23.305 °C,23.298 °C,23.298 °C,45.5 %RH,45.2 %RH,45.2 %RH
156,2014-07-25 10:40:05,23.296 °C,23.290 °C,23.290 °C,45.2 %RH,45.2 %RH,45.2 %RH
157,2014-07-25 10:40:35,23.293 °C,23.285 °C,23.285 °C,45.2 %RH,45.2 %RH,45.2 %RH
158,2014-07-25 10:41:05,23.286 °C,23.282 °C,23.279 °C,45.2 %RH,45.2 %RH,45.2 %RH
159,2014-07-25 10:41:35,23.279 °C,23.274 °C,23.272 °C,45.2 %RH,45.2 %RH,45.2 %RH
160,2014-07-25 10:42:05,23.274 °C,23.267 °C,23.267 °C,45.2 %RH,45.2 %RH,45.2 %RH
161,2014-07-25 10:42:35,23.267 °C,23.261 °C,23.260 °C,45.2 %RH,45.2 %RH,45.2 %RH
162,2014-07-25 10:43:05,23.261 °C,23.256 °C,23.254 °C,45.2 %RH,45.2 %RH,45.2 %RH
163,2014-07-25 10:43:35,23.256 °C,23.248 °C,23.247 °C,45.2 %RH,45.2 %RH,45.2 %RH
164,2014-07-25 10:44:05,23.250 °C,23.246 °C,23.243 °C,45.2 %RH,45.2 %RH,45.2 %RH
165,2014-07-25 10:44:35,23.244 °C,23.237 °C,23.235 °C,45.2 %RH,45.2 %RH,45.2 %RH
166,2014-07-25 10:45:05,23.238 °C,23.230 °C,23.230 °C,45.2 %RH,45.2 %RH,45.2 %RH
167,2014-07-25 10:45:35,23.232 °C,23.227 °C,23.227 °C,45.2 %RH,45.2 %RH,45.2 %RH
168,2014-07-25 10:46:05,23.227 °C,23.221 °C,23.219 °C,45.2 %RH,45.2 %RH,45.2 %RH
169,2014-07-25 10:46:35,23.221 °C,23.215 °C,23.214 °C,45.2 %RH,45.2 %RH,45.2 %RH
170,2014-07-25 10:47:05,23.215 °C,23.209 °C,23.208 °C,45.2 %RH,45.2 %RH,45.2 %RH
171,2014-07-25 10:47:35,23.209 °C,23.203 °C,23.202 °C,45.2 %RH,45.2 %RH,45.2 %RH
172,2014-07-25 10:48:05,23.203 °C,23.198 °C,23.196 °C,45.2 %RH,45.2 %RH,45.2 %RH
173,2014-07-25 10:48:35,23.198 °C,23.192 °C,23.192 °C,45.2 %RH,45.2 %RH,45.2 %RH
174,2014-07-25 10:49:05,23.192 °C,23.188 °C,23.185 °C,45.2 %RH,45.2 %RH,45.2 %RH
175,2014-07-25 10:49:35,23.188 °C,23.180 °C,23.180 °C,45.2 %RH,45.2 %RH,45.2 %RH
176,2014-07-25 10:50:05,23.180 °C,23.177 °C,23.176 °C,45.2 %RH,45.2 %RH,45.2 %RH
177,2014-07-25 10:50:35,23.176 °C,23.172 °C,23.169 °C,45.2 %RH,45.2 %RH,45.2 %RH
178,2014-07-25 10:51:05,23.172 °C,23.164 °C,23.164 °C,45.2 %RH,45.2 %RH,45.2 %RH
179,2014-07-25 10:51:35,23.164 °C,23.159 °C,23.157 °C,45.2 %RH,45.2 %RH,45.2 %RH
180,2014-07-25 10:52:05,23.160 °C,23.153 °C,23.153 °C,45.2 %RH,45.2 %RH,45.2 %RH
181,2014-07-25 10:52:35,23.154 °C,23.148 °C,23.147 °C,45.2 %RH,45.2 %RH,45.2 %RH
182,2014-07-25 10:53:05,23.148 °C,23.144 °C,23.143 °C,45.2 %RH,45.2 %RH,45.2 %RH
183,2014-07-25 10:53:35,23.144 °C,23.137 °C,23.137 °C,45.2 %RH,45.2 %RH,45.2 %RH
184,2014-07-25 10:54:05,23.138 °C,23.133 °C,23.133 °C,45.2 %RH,45.2 %RH,45.2 %RH
185,2014-07-25 10:54:35,23.133 °C,23.127 °C,23.127 °C,45.2 %RH,45.2 %RH,45.2 %RH
186,2014-07-25 10:55:05,23.128 °C,23.122 °C,23.122 °C,45.2 %RH,45.2 %RH,45.2 %RH
187,2014-07-25 10:55:35,23.124 °C,23.117 °C,23.115 °C,45.2 %RH,45.2 %RH,45.2 %RH
188,2014-07-25 10:56:05,23.118 °C,23.112 °C,23.112 °C,45.2 %RH,45.2 %RH,45.2 %RH
189,2014-07-25 10:56:35,23.112 °C,23.106 °C,23.106 °C,45.2 %RH,45.2 %RH,45.2 %RH
190,2014-07-25 10:57:05,23.108 °C,23.102 °C,23.102 °C,45.5 %RH,45.5 %RH,45.2 %RH
191,2014-07-25 10:57:35,23.104 °C,23.099 °C,23.099 °C,45.5 %RH,45.2 %RH,45.2 %RH
192,2014-07-25 10:58:05,23.099 °C,23.095 °C,23.092 °C,45.2 %RH,45.2 %RH,45.2 %RH
193,2014-07-25 10:58:35,23.095 °C,23.089 °C,23.089 °C,45.2 %RH,45.2 %RH,45.2 %RH
194,2014-07-25 10:59:05,23.091 °C,23.086 °C,23.086 °C,45.2 %RH,45.2 %RH,45.2 %RH
195,2014-07-25 10:59:35,23.086 °C,23.082 °C,23.082 °C,45.2 %RH,45.2 %RH,45.2 %RH
196,2014-07-25 11:00:05,23.082 °C,23.077 °C,23.077 °C,45.2 %RH,45.2 %RH,45.2 %RH
197,2014-07-25 11:00:35,23.079 °C,23.076 °C,23.076 °C,45.2 %RH,45.2 %RH,45.2 %RH
198,2014-07-25 11:01:05,23.077 °C,23.072 °C,23.072 °C,45.2 %RH,45.2 %RH,45.2 %RH
199,2014-07-25 11:01:35,23.076 °C,23.070 °C,23.069 °C,45.2 %RH,45.2 %RH,45.2 %RH
200,2014-07-25 11:02:05,23.072 °C,23.067 °C,23.066 °C,45.2 %RH,45.2 %RH,45.2 %RH
201,2014-07-25 11:02:35,23.069 °C,23.064 °C,23.063 °C,45.5 %RH,45.5 %RH,45.2 %RH
202,2014-07-25 11:03:05,23.066 °C,23.062 °C,23.062 °C,45.5 %RH,45.5 %RH,45.2 %RH
203,2014-07-25 11:03:35,23.064 °C,23.064 °C,23.059 °C,45.5 %RH,45.5 %RH,45.5 %RH
204,2014-07-25 11:04:05,23.063 °C,23.060 °C,23.057 °C,45.5 %RH,45.5 %RH,45.5 %RH
205,2014-07-25 11:04:35,23.060 °C,23.057 °C,23.056 °C,45.5 %RH,45.5 %RH,45.5 %RH
206,2014-07-25 11:05:05,23.059 °C,23.054 °C,23.054 °C,45.5 %RH,45.5 %RH,45.5 %RH
207,2014-07-25 11:05:35,23.056 °C,23.051 °C,23.050 °C,45.5 %RH,45.5 %RH,45.5 %RH
208,2014-07-25 11:06:05,23.056 °C,23.051 °C,23.050 °C,45.5 %RH,45.5 %RH,45.2 %RH
209,2014-07-25 11:06:35,23.056 °C,23.050 °C,23.049 °C,45.5 %RH,45.2 %RH,45.2 %RH
210,2014-07-25 11:07:05,23.051 °C,23.051 °C,23.047 °C,45.5 %RH,45.5 %RH,45.2 %RH
211,2014-07-25 11:07:35,23.050 °C,23.049 °C,23.047 °C,45.5 %RH,45.5 %RH,45.5 %RH
212,2014-07-25 11:08:05,23.049 °C,23.044 °C,23.044 °C,45.5 %RH,45.5 %RH,45.5 %RH
213,2014-07-25 11:08:35,23.046 °C,23.044 °C,23.043 °C,45.5 %RH,45.5 %RH,45.5 %RH
214,2014-07-25 11:09:05,23.044 °C,23.043 °C,23.040 °C,45.5 %RH,45.5 %RH,45.5 %RH
215,2014-07-25 11:09:35,23.043 °C,23.040 °C,23.038 °C,45.5 %RH,45.5 %RH,45.5 %RH
216,2014-07-25 11:10:05,23.041 °C,23.040 °C,23.038 °C,45.5 %RH,45.5 %RH,45.5 %RH
217,2014-07-25 11:10:35,23.044 °C,23.044 °C,23.038 °C,45.5 %RH,45.5 %RH,45.5 %RH
218,2014-07-25 11:11:05,23.050 °C,23.049 °C,23.041 °C,45.5 %RH,45.5 %RH,45.2 %RH
219,2014-07-25 11:11:35,23.059 °C,23.059 °C,23.050 °C,45.5 %RH,45.5 %RH,45.2 %RH
220,2014-07-25 11:12:05,23.067 °C,23.067 °C,23.059 °C,45.7 %RH,45.7 %RH,45.5 %RH
221,2014-07-25 11:12:35,23.076 °C,23.076 °C,23.067 °C,45.7 %RH,45.5 %RH,45.5 %RH
222,2014-07-25 11:13:05,23.088 °C,23.086 °C,23.076 °C,46.0 %RH,46.0 %RH,45.5 %RH
223,2014-07-25 11:13:35,23.099 °C,23.098 °C,23.086 °C,46.0 %RH,46.0 %RH,45.7 %RH
224,2014-07-25 11:14:05,23.109 °C,23.109 °C,23.099 °C,46.2 %RH,46.0 %RH,46.0 %RH
225,2014-07-25 11:14:35,23.125 °C,23.125 °C,23.109 °C,46.2 %RH,46.2 %RH,46.0 %RH
226,2014-07-25 11:15:05,23.134 °C,23.133 °C,23.124 °C,46.5 %RH,46.5 %RH,46.2 %RH
227,2014-07-25 11:15:35,23.144 °C,23.144 °C,23.124 °C,46.7 %RH,46.5 %RH,46.5 %RH
228,2014-07-25 11:16:05,23.153 °C,23.151 °C,23.143 °C,46.7 %RH,46.7 %RH,46.5 %RH
229,2014-07-25 11:16:35,23.164 °C,23.164 °C,23.154 °C,47.0 %RH,46.7 %RH,46.7 %RH
230,2014-07-25 11:17:05,23.182 °C,23.182 °C,23.164 °C,47.0 %RH,47.0 %RH,46.7 %RH
231,2014-07-25 11:17:35,23.208 °C,23.208 °C,23.183 °C,47.0 %RH,47.0 %RH,47.0 %RH
232,2014-07-25 11:18:05,23.237 °C,23.237 °C,23.209 °C,47.0 %RH,46.7 %RH,46.7 %RH
233,2014-07-25 11:18:35,23.267 °C,23.267 °C,23.240 °C,46.7 %RH,46.7 %RH,46.7 %RH
234,2014-07-25 11:19:05,23.301 °C,23.301 °C,23.269 °C,47.0 %RH,47.0 %RH,46.7 %RH
235,2014-07-25 11:19:35,23.328 °C,23.328 °C,23.301 °C,47.0 %RH,47.0 %RH,47.0 %RH
236,2014-07-25 11:20:05,23.356 °C,23.356 °C,23.331 °C,47.0 %RH,46.7 %RH,46.7 %RH
237,2014-07-25 11:20:35,23.382 °C,23.380 °C,23.357 °C,46.7 %RH,46.7 %RH,46.7 %RH
238,2014-07-25 11:21:05,23.405 °C,23.405 °C,23.380 °C,46.7 %RH,46.7 %RH,46.7 %RH
239,2014-07-25 11:21:35,23.431 °C,23.431 °C,23.404 °C,46.7 %RH,46.7 %RH,46.7 %RH
240,2014-07-25 11:22:05,23.453 °C,23.451 °C,23.428 °C,46.7 %RH,46.5 %RH,46.5 %RH
241,2014-07-25 11:22:35,23.470 °C,23.470 °C,23.453 °C,46.7 %RH,46.7 %RH,46.5 %RH
242,2014-07-25 11:23:05,23.488 °C,23.486 °C,23.470 °C,46.7 %RH,46.7 %RH,46.7 %RH
243,2014-07-25 11:23:35,23.509 °C,23.509 °C,23.486 °C,46.7 %RH,46.5 %RH,46.5 %RH
244,2014-07-25 11:24:05,23.521 °C,23.518 °C,23.499 °C,46.5 %RH,46.5 %RH,46.5 %RH
245,2014-07-25 11:24:35,23.540 °C,23.540 °C,23.514 °C,46.5 %RH,46.5 %RH,46.5 %RH
246,2014-07-25 11:25:05,23.565 °C,23.563 °C,23.535 °C,46.5 %RH,46.5 %RH,46.2 %RH
247,2014-07-25 11:25:35,23.604 °C,23.604 °C,23.562 °C,46.5 %RH,46.2 %RH,46.2 %RH
248,2014-07-25 11:26:05,23.646 °C,23.646 °C,23.604 °C,46.5 %RH,46.2 %RH,46.2 %RH
249,2014-07-25 11:26:35,23.695 °C,23.695 °C,23.647 °C,46.5 %RH,46.2 %RH,46.2 %RH
250,2014-07-25 11:27:05,23.737 °C,23.737 °C,23.697 °C,46.2 %RH,46.2 %RH,46.2 %RH
251,2014-07-25 11:27:35,23.784 °C,23.784 °C,23.739 °C,46.2 %RH,46.2 %RH,46.2 %RH
252,2014-07-25 11:28:05,23.832 °C,23.832 °C,23.784 °C,46.2 %RH,46.2 %RH,46.2 %RH
253,2014-07-25 11:28:35,23.877 °C,23.877 °C,23.833 °C,46.2 %RH,46.2 %RH,46.2 %RH
254,2014-07-25 11:29:05,23.926 °C,23.926 °C,23.880 °C,46.5 %RH,46.2 %RH,46.2 %RH
255,2014-07-25 11:29:35,23.974 °C,23.974 °C,23.928 °C,46.5 %RH,46.2 %RH,46.2 %RH
256,2014-07-25 11:30:05,24.019 °C,24.019 °C,23.976 °C,46.2 %RH,46.2 %RH,46.2 %RH
257,2014-07-25 11:30:35,24.067 °C,24.067 °C,24.021 °C,46.2 %RH,46.2 %RH,46.2 %RH
258,2014-07-25 11:31:05,24.112 °C,24.112 °C,24.069 °C,46.2 %RH,46.2 %RH,46.0 %RH
259,2014-07-25 11:31:35,24.160 °C,24.160 °C,24.115 °C,46.2 %RH,46.0 %RH,46.0 %RH
260,2014-07-25 11:32:05,24.205 °C,24.205 °C,24.163 °C,46.0 %RH,46.0 %RH,46.0 %RH
261,2014-07-25 11:32:35,24.249 °C,24.249 °C,24.207 °C,46.0 %RH,46.0 %RH,46.0 %RH
262,2014-07-25 11:33:05,24.293 °C,24.293 °C,24.250 °C,46.2 %RH,46.2 %RH,46.0 %RH
263,2014-07-25 11:33:35,24.333 °C,24.333 °C,24.293 °C,46.2 %RH,46.2 %RH,46.0 %RH
264,2014-07-25 11:34:05,24.371 °C,24.371 °C,24.333 °C,46.2 %RH,46.2 %RH,46.0 %RH
265,2014-07-25 11:34:35,24.406 °C,24.406 °C,24.373 °C,46.2 %RH,46.2 %RH,46.0 %RH
266,2014-07-25 11:35:05,24.444 °C,24.444 °C,24.409 °C,46.2 %RH,46.0 %RH,46.0 %RH
267,2014-07-25 11:35:35,24.476 °C,24.476 °C,24.444 °C,46.2 %RH,46.0 %RH,46.0 %RH
268,2014-07-25 11:36:05,24.507 °C,24.507 °C,24.478 °C,46.2 %RH,46.0 %RH,46.0 %RH
269,2014-07-25 11:36:35,24.537 °C,24.537 °C,24.508 °C,46.2 %RH,46.0 %RH,46.0 %RH
270,2014-07-25 11:37:05,24.565 °C,24.565 °C,24.537 °C,46.0 %RH,46.0 %RH,46.0 %RH
271,2014-07-25 11:37:35,24.593 °C,24.591 °C,24.567 °C,46.0 %RH,46.0 %RH,46.0 %RH
272,2014-07-25 11:38:05,24.618 °C,24.618 °C,24.594 °C,46.0 %RH,46.0 %RH,46.0 %RH
273,2014-07-25 11:38:35,24.642 °C,24.642 °C,24.618 °C,46.0 %RH,46.0 %RH,46.0 %RH
274,2014-07-25 11:39:05,24.667 °C,24.667 °C,24.642 °C,46.0 %RH,46.0 %RH,46.0 %RH
275,2014-07-25 11:39:35,24.709 °C,24.709 °C,24.669 °C,46.0 %RH,45.7 %RH,45.7 %RH
276,2014-07-25 11:40:05,24.794 °C,24.794 °C,24.711 °C,45.7 %RH,45.5 %RH,45.5 %RH
277,2014-07-25 11:40:35,24.966 °C,24.966 °C,24.797 °C,45.5 %RH,45.2 %RH,45.2 %RH
278,2014-07-25 11:41:05,25.215 °C,25.215 °C,24.974 °C,45.2 %RH,45.2 %RH,45.0 %RH
279,2014-07-25 11:41:35,25.534 °C,25.534 °C,25.224 °C,45.2 %RH,45.0 %RH,44.7 %RH
280,2014-07-25 11:42:05,25.889 °C,25.889 °C,25.546 °C,45.7 %RH,45.5 %RH,44.7 %RH
281,2014-07-25 11:42:35,26.151 °C,26.151 °C,25.899 °C,47.0 %RH,46.7 %RH,45.7 %RH
282,2014-07-25 11:43:05,26.354 °C,26.354 °C,26.160 °C,47.5 %RH,47.5 %RH,46.7 %RH
283,2014-07-25 11:43:35,26.546 °C,26.546 °C,26.364 °C,48.0 %RH,48.0 %RH,47.5 %RH
284,2014-07-25 11:44:05,26.771 °C,26.771 °C,26.551 °C,48.0 %RH,47.7 %RH,47.7 %RH
285,2014-07-25 11:44:35,26.972 °C,26.972 °C,26.779 °C,48.5 %RH,48.2 %RH,47.7 %RH
286,2014-07-25 11:45:05,27.085 °C,27.085 °C,26.977 °C,49.2 %RH,49.2 %RH,48.2 %RH
287,2014-07-25 11:45:35,27.175 °C,27.175 °C,27.088 °C,49.8 %RH,49.8 %RH,49.0 %RH
288,2014-07-25 11:46:05,27.263 °C,27.263 °C,27.175 °C,50.3 %RH,50.3 %RH,49.5 %RH
289,2014-07-25 11:46:35,27.375 °C,27.375 °C,27.267 °C,50.5 %RH,50.3 %RH,50.0 %RH
290,2014-07-25 11:47:05,27.502 °C,27.502 °C,27.378 °C,50.8 %RH,50.5 %RH,50.3 %RH
291,2014-07-25 11:47:35,27.644 °C,27.644 °C,27.506 °C,50.8 %RH,50.5 %RH,50.5 %RH
292,2014-07-25 11:48:05,27.797 °C,27.797 °C,27.652 °C,50.8 %RH,50.8 %RH,50.8 %RH
293,2014-07-25 11:48:35,27.952 °C,27.952 °C,27.803 °C,51.0 %RH,50.8 %RH,50.8 %RH
294,2014-07-25 11:49:05,28.095 °C,28.095 °C,27.957 °C,51.0 %RH,51.0 %RH,50.8 %RH
295,2014-07-25 11:49:35,28.228 °C,28.228 °C,28.100 °C,51.0 %RH,50.8 %RH,50.5 %RH
296,2014-07-25 11:50:05,28.357 °C,28.357 °C,28.233 °C,50.8 %RH,50.5 %RH,50.5 %RH
297,2014-07-25 11:50:35,28.470 °C,28.470 °C,28.361 °C,50.5 %RH,50.0 %RH,50.0 %RH
298,2014-07-25 11:51:05,28.580 °C,28.580 °C,28.475 °C,50.3 %RH,49.8 %RH,49.8 %RH
299,2014-07-25 11:51:35,28.680 °C,28.680 °C,28.583 °C,49.8 %RH,49.5 %RH,49.2 %RH
300,2014-07-25 11:52:05,28.768 °C,28.768 °C,28.680 °C,49.5 %RH,49.2 %RH,49.2 %RH
301,2014-07-25 11:52:35,28.848 °C,28.848 °C,28.770 °C,49.2 %RH,48.7 %RH,48.7 %RH
302,2014-07-25 11:53:05,28.920 °C,28.920 °C,28.851 °C,49.0 %RH,48.7 %RH,48.5 %RH
303,2014-07-25 11:53:35,29.013 °C,29.013 °C,28.922 °C,59.1 %RH,59.1 %RH,48.5 %RH
304,2014-07-25 11:54:05,29.236 °C,29.236 °C,29.019 °C,60.4 %RH,59.4 %RH,59.1 %RH
305,2014-07-25 11:54:35,29.454 °C,29.454 °C,29.245 °C,60.7 %RH,60.4 %RH,59.4 %RH
306,2014-07-25 11:55:05,29.643 °C,29.643 °C,29.463 °C,61.8 %RH,61.5 %RH,59.9 %RH
307,2014-07-25 11:55:35,29.826 °C,29.826 °C,29.649 °C,62.3 %RH,61.2 %RH,61.2 %RH
308,2014-07-25 11:56:05,29.997 °C,29.997 °C,29.832 °C,61.2 %RH,59.1 %RH,59.1 %RH
309,2014-07-25 11:56:35,30.175 °C,30.175 °C,30.007 °C,59.1 %RH,57.8 %RH,57.8 %RH
310,2014-07-25 11:57:05,30.335 °C,30.335 °C,30.186 °C,58.9 %RH,58.6 %RH,57.8 %RH
311,2014-07-25 11:57:35,30.467 °C,30.467 °C,30.341 °C,59.4 %RH,58.9 %RH,58.6 %RH
312,2014-07-25 11:58:05,30.577 °C,30.577 °C,30.473 °C,59.6 %RH,59.6 %RH,58.3 %RH
313,2014-07-25 11:58:35,30.668 °C,30.668 °C,30.583 °C,59.9 %RH,58.1 %RH,57.8 %RH
314,2014-07-25 11:59:05,30.734 °C,30.734 °C,30.671 °C,58.1 %RH,57.3 %RH,57.1 %RH
315,2014-07-25 11:59:35,30.810 °C,30.810 °C,30.735 °C,57.8 %RH,57.6 %RH,57.1 %RH
316,2014-07-25 12:00:05,30.914 °C,30.914 °C,30.810 °C,58.1 %RH,57.8 %RH,57.6 %RH
317,2014-07-25 12:00:35,31.014 °C,31.014 °C,30.914 °C,58.6 %RH,57.3 %RH,57.3 %RH
318,2014-07-25 12:01:05,31.113 °C,31.113 °C,31.015 °C,58.9 %RH,58.9 %RH,56.6 %RH
319,2014-07-25 12:01:35,31.213 °C,31.213 °C,31.112 °C,60.2 %RH,60.2 %RH,58.9 %RH
320,2014-07-25 12:02:05,31.360 °C,31.360 °C,31.218 °C,60.4 %RH,57.6 %RH,57.3 %RH
321,2014-07-25 12:02:35,31.519 °C,31.519 °C,31.368 °C,58.1 %RH,58.1 %RH,56.8 %RH
322,2014-07-25 12:03:05,31.653 °C,31.653 °C,31.528 °C,58.6 %RH,58.3 %RH,57.1 %RH
323,2014-07-25 12:03:35,31.778 °C,31.778 °C,31.657 °C,59.1 %RH,57.8 %RH,56.8 %RH
324,2014-07-25 12:04:05,31.884 °C,31.884 °C,31.776 °C,62.0 %RH,58.9 %RH,58.1 %RH
325,2014-07-25 12:04:35,31.975 °C,31.975 °C,31.883 °C,71.2 %RH,71.2 %RH,58.3 %RH
326,2014-07-25 12:05:05,31.996 °C,31.992 °C,31.974 °C,74.2 %RH,74.2 %RH,71.5 %RH
327,2014-07-25 12:05:35,31.988 °C,31.965 °C,31.957 °C,75.3 %RH,75.0 %RH,74.2 %RH
328,2014-07-25 12:06:05,31.962 °C,31.921 °C,31.921 °C,75.6 %RH,75.3 %RH,75.0 %RH
329,2014-07-25 12:06:35,31.924 °C,31.884 °C,31.884 °C,75.8 %RH,75.8 %RH,75.3 %RH
330,2014-07-25 12:07:05,31.887 °C,31.856 °C,31.853 °C,75.8 %RH,66.7 %RH,66.7 %RH
331,2014-07-25 12:07:35,31.863 °C,31.861 °C,31.844 °C,67.3 %RH,64.9 %RH,64.6 %RH
332,2014-07-25 12:08:05,31.946 °C,31.946 °C,31.869 °C,64.9 %RH,63.9 %RH,63.3 %RH
333,2014-07-25 12:08:35,32.057 °C,32.057 °C,31.951 °C,63.9 %RH,63.6 %RH,62.5 %RH
334,2014-07-25 12:09:05,32.164 °C,32.164 °C,32.056 °C,66.5 %RH,66.5 %RH,63.6 %RH
335,2014-07-25 12:09:35,32.267 °C,32.265 °C,32.172 °C,66.5 %RH,63.9 %RH,62.5 %RH
336,2014-07-25 12:10:05,32.358 °C,32.355 °C,32.273 °C,63.9 %RH,61.8 %RH,61.8 %RH
337,2014-07-25 12:10:35,32.437 °C,32.437 °C,32.361 °C,63.3 %RH,62.3 %RH,61.0 %RH
338,2014-07-25 12:11:05,32.517 °C,32.517 °C,32.441 °C,63.6 %RH,60.7 %RH,60.2 %RH
339,2014-07-25 12:11:35,32.598 °C,32.598 °C,32.514 °C,64.4 %RH,62.0 %RH,61.0 %RH
340,2014-07-25 12:12:05,32.704 °C,32.702 °C,32.602 °C,62.0 %RH,56.1 %RH,55.8 %RH
341,2014-07-25 12:12:35,32.833 °C,32.833 °C,32.710 °C,56.1 %RH,55.6 %RH,55.1 %RH
342,2014-07-25 12:13:05,32.960 °C,32.960 °C,32.835 °C,55.8 %RH,53.0 %RH,53.0 %RH
343,2014-07-25 12:13:35,33.063 °C,33.063 °C,32.961 °C,54.3 %RH,54.3 %RH,51.8 %RH
344,2014-07-25 12:14:05,33.154 °C,33.154 °C,33.064 °C,54.3 %RH,51.5 %RH,51.5 %RH
345,2014-07-25 12:14:35,33.221 °C,33.221 °C,33.160 °C,52.0 %RH,52.0 %RH,50.5 %RH
346,2014-07-25 12:15:05,33.281 °C,33.281 °C,33.224 °C,52.8 %RH,52.8 %RH,50.5 %RH
347,2014-07-25 12:15:35,33.362 °C,33.362 °C,33.282 °C,53.0 %RH,52.8 %RH,52.0 %RH
348,2014-07-25 12:16:05,33.438 °C,33.438 °C,33.362 °C,52.8 %RH,50.8 %RH,50.8 %RH
349,2014-07-25 12:16:35,33.494 °C,33.494 °C,33.441 °C,50.8 %RH,50.3 %RH,49.0 %RH
350,2014-07-25 12:17:05,33.550 °C,33.550 °C,33.496 °C,51.8 %RH,51.3 %RH,50.3 %RH
351,2014-07-25 12:17:35,33.594 °C,33.594 °C,33.551 °C,53.5 %RH,51.3 %RH,51.3 %RH
352,2014-07-25 12:18:05,33.595 °C,33.584 °C,33.584 °C,51.8 %RH,49.8 %RH,49.8 %RH
353,2014-07-25 12:18:35,33.586 °C,33.567 °C,33.564 °C,54.3 %RH,54.0 %RH,49.8 %RH
354,2014-07-25 12:19:05,33.568 °C,33.564 °C,33.557 °C,54.0 %RH,52.0 %RH,51.8 %RH
355,2014-07-25 12:19:35,33.567 °C,33.561 °C,33.561 °C,52.8 %RH,50.0 %RH,49.8 %RH
356,2014-07-25 12:20:05,33.561 °C,33.542 °C,33.542 °C,53.0 %RH,53.0 %RH,50.0 %RH
357,2014-07-25 12:20:35,33.543 °C,33.524 °C,33.523 °C,54.3 %RH,52.3 %RH,51.8 %RH
358,2014-07-25 12:21:05,33.523 °C,33.493 °C,33.493 °C,52.5 %RH,51.0 %RH,51.0 %RH
359,2014-07-25 12:21:35,33.491 °C,33.446 °C,33.446 °C,52.5 %RH,52.5 %RH,51.0 %RH
360,2014-07-25 12:22:05,33.444 °C,33.402 °C,33.402 °C,53.5 %RH,50.8 %RH,50.8 %RH
361,2014-07-25 12:22:35,33.405 °C,33.361 °C,33.361 °C,53.5 %RH,53.3 %RH,50.8 %RH
362,2014-07-25 12:23:05,33.359 °C,33.318 °C,33.317 °C,53.3 %RH,51.5 %RH,51.3 %RH
363,2014-07-25 12:23:35,33.312 °C,33.262 °C,33.262 °C,52.0 %RH,51.8 %RH,51.5 %RH
364,2014-07-25 12:24:05,33.259 °C,33.199 °C,33.199 °C,52.5 %RH,52.5 %RH,51.8 %RH
365,2014-07-25 12:24:35,33.199 °C,33.140 °C,33.140 °C,52.8 %RH,51.8 %RH,51.8 %RH
366,2014-07-25 12:25:05,33.140 °C,33.088 °C,33.088 °C,53.0 %RH,52.5 %RH,51.8 %RH
367,2014-07-25 12:25:35,33.090 °C,33.071 °C,33.069 °C,53.8 %RH,53.3 %RH,52.5 %RH
368,2014-07-25 12:26:05,33.104 °C,33.104 °C,33.071 °C,53.0 %RH,51.0 %RH,50.8 %RH
369,2014-07-25 12:26:35,33.173 °C,33.173 °C,33.105 °C,51.8 %RH,51.3 %RH,50.3 %RH
370,2014-07-25 12:27:05,33.245 °C,33.245 °C,33.174 °C,51.8 %RH,51.3 %RH,49.8 %RH
371,2014-07-25 12:27:35,33.312 °C,33.312 °C,33.248 °C,52.5 %RH,51.3 %RH,51.0 %RH
372,2014-07-25 12:28:05,33.391 °C,33.391 °C,33.317 °C,51.5 %RH,51.5 %RH,50.8 %RH
373,2014-07-25 12:28:35,33.474 °C,33.474 °C,33.392 °C,53.0 %RH,50.5 %RH,50.5 %RH
374,2014-07-25 12:29:05,33.537 °C,33.537 °C,33.472 °C,52.3 %RH,52.3 %RH,49.2 %RH
375,2014-07-25 12:29:35,33.616 °C,33.616 °C,33.539 °C,52.3 %RH,51.8 %RH,51.3 %RH
376,2014-07-25 12:30:05,33.680 °C,33.679 °C,33.619 °C,51.8 %RH,49.2 %RH,48.2 %RH
377,2014-07-25 12:30:35,33.739 °C,33.739 °C,33.685 °C,51.8 %RH,51.0 %RH,49.5 %RH
378,2014-07-25 12:31:05,33.803 °C,33.803 °C,33.739 °C,53.0 %RH,52.0 %RH,50.8 %RH
379,2014-07-25 12:31:35,33.867 °C,33.867 °C,33.803 °C,53.8 %RH,51.3 %RH,51.3 %RH
380,2014-07-25 12:32:05,33.923 °C,33.923 °C,33.868 °C,51.5 %RH,50.0 %RH,50.0 %RH
381,2014-07-25 12:32:35,33.935 °C,33.928 °C,33.923 °C,49.8 %RH,49.2 %RH,48.7 %RH
382,2014-07-25 12:33:05,33.933 °C,33.931 °C,33.925 °C,52.0 %RH,52.0 %RH,48.7 %RH
383,2014-07-25 12:33:35,33.949 °C,33.947 °C,33.931 °C,51.8 %RH,50.5 %RH,50.0 %RH
384,2014-07-25 12:34:05,33.953 °C,33.952 °C,33.947 °C,51.5 %RH,51.3 %RH,49.5 %RH
385,2014-07-25 12:34:35,33.993 °C,33.993 °C,33.950 °C,52.5 %RH,49.0 %RH,49.0 %RH
386,2014-07-25 12:35:05,34.042 °C,34.042 °C,33.993 °C,49.0 %RH,48.7 %RH,48.2 %RH
387,2014-07-25 12:35:35,34.105 °C,34.105 °C,34.044 °C,50.5 %RH,48.7 %RH,48.2 %RH
388,2014-07-25 12:36:05,34.169 °C,34.169 °C,34.105 °C,49.8 %RH,47.5 %RH,47.2 %RH
389,2014-07-25 12:36:35,34.224 °C,34.224 °C,34.163 °C,47.2 %RH,46.2 %RH,46.0 %RH
390,2014-07-25 12:37:05,34.286 °C,34.286 °C,34.216 °C,48.2 %RH,47.0 %RH,46.2 %RH
391,2014-07-25 12:37:35,34.344 °C,34.342 °C,34.280 °C,48.2 %RH,46.2 %RH,46.2 %RH
392,2014-07-25 12:38:05,34.410 °C,34.410 °C,34.340 °C,46.0 %RH,44.3 %RH,43.8 %RH
393,2014-07-25 12:38:35,34.472 °C,34.472 °C,34.409 °C,47.0 %RH,46.7 %RH,44.5 %RH
394,2014-07-25 12:39:05,34.542 °C,34.542 °C,34.469 °C,48.0 %RH,45.2 %RH,45.2 %RH
395,2014-07-25 12:39:35,34.581 °C,34.581 °C,34.541 °C,48.2 %RH,47.5 %RH,44.3 %RH
396,2014-07-25 12:40:05,34.585 °C,34.547 °C,34.547 °C,49.8 %RH,49.8 %RH,47.5 %RH
397,2014-07-25 12:40:35,34.547 °C,34.504 °C,34.503 °C,50.5 %RH,50.5 %RH,49.0 %RH
398,2014-07-25 12:41:05,34.503 °C,34.460 °C,34.458 °C,50.5 %RH,49.8 %RH,49.8 %RH
399,2014-07-25 12:41:35,34.455 °C,34.393 °C,34.393 °C,49.5 %RH,49.5 %RH,49.0 %RH
400,2014-07-25 12:42:05,34.390 °C,34.345 °C,34.345 °C,51.5 %RH,49.2 %RH,49.0 %RH
401,2014-07-25 12:42:35,34.342 °C,34.280 °C,34.280 °C,50.3 %RH,50.0 %RH,49.2 %RH
402,2014-07-25 12:43:05,34.270 °C,34.159 °C,34.159 °C,51.5 %RH,51.5 %RH,50.0 %RH
403,2014-07-25 12:43:35,34.156 °C,34.058 °C,34.058 °C,51.8 %RH,50.8 %RH,50.8 %RH
404,2014-07-25 12:44:05,34.053 °C,33.974 °C,33.974 °C,50.8 %RH,48.5 %RH,48.2 %RH
405,2014-07-25 12:44:35,33.972 °C,33.906 °C,33.906 °C,49.2 %RH,49.2 %RH,48.2 %RH
406,2014-07-25 12:45:05,33.904 °C,33.846 °C,33.846 °C,50.0 %RH,50.0 %RH,48.7 %RH
407,2014-07-25 12:45:35,33.854 °C,33.854 °C,33.837 °C,50.0 %RH,47.5 %RH,47.5 %RH
408,2014-07-25 12:46:05,33.901 °C,33.895 °C,33.852 °C,49.2 %RH,47.2 %RH,47.0 %RH
409,2014-07-25 12:46:35,33.988 °C,33.988 °C,33.908 °C,50.5 %RH,50.0 %RH,47.2 %RH
410,2014-07-25 12:47:05,34.101 °C,34.101 °C,33.995 °C,49.8 %RH,47.0 %RH,47.0 %RH
411,2014-07-25 12:47:35,34.185 °C,34.185 °C,34.107 °C,48.0 %RH,47.5 %RH,47.0 %RH
412,2014-07-25 12:48:05,34.272 °C,34.272 °C,34.185 °C,48.2 %RH,48.0 %RH,47.0 %RH
413,2014-07-25 12:48:35,34.359 °C,34.359 °C,34.277 °C,47.7 %RH,44.5 %RH,44.5 %RH
414,2014-07-25 12:49:05,34.434 °C,34.434 °C,34.361 °C,48.0 %RH,47.0 %RH,44.5 %RH
415,2014-07-25 12:49:35,34.490 °C,34.490 °C,34.437 °C,46.7 %RH,44.7 %RH,44.3 %RH
416,2014-07-25 12:50:05,34.533 °C,34.533 °C,34.490 °C,46.2 %RH,46.2 %RH,45.0 %RH
417,2014-07-25 12:50:35,34.557 °C,34.557 °C,34.528 °C,49.8 %RH,48.2 %RH,45.7 %RH
418,2014-07-25 12:51:05,34.590 °C,34.582 °C,34.555 °C,48.5 %RH,48.5 %RH,45.5 %RH
419,2014-07-25 12:51:35,34.587 °C,34.566 °C,34.562 °C,48.0 %RH,48.0 %RH,46.0 %RH
420,2014-07-25 12:52:05,34.603 °C,34.603 °C,34.560 °C,48.0 %RH,45.0 %RH,45.0 %RH
421,2014-07-25 12:52:35,34.683 °C,34.681 °C,34.603 °C,47.0 %RH,47.0 %RH,44.7 %RH
422,2014-07-25 12:53:05,34.767 °C,34.767 °C,34.692 °C,46.7 %RH,46.5 %RH,45.7 %RH
423,2014-07-25 12:53:35,34.796 °C,34.780 °C,34.766 °C,49.5 %RH,47.0 %RH,46.5 %RH
424,2014-07-25 12:54:05,34.791 °C,34.734 °C,34.734 °C,48.2 %RH,48.2 %RH,47.0 %RH
425,2014-07-25 12:54:35,34.727 °C,34.660 °C,34.660 °C,49.0 %RH,47.5 %RH,47.5 %RH
426,2014-07-25 12:55:05,34.664 °C,34.579 °C,34.579 °C,49.0 %RH,47.5 %RH,46.7 %RH
427,2014-07-25 12:55:35,34.582 °C,34.491 °C,34.491 °C,48.5 %RH,47.0 %RH,47.0 %RH
428,2014-07-25 12:56:05,34.496 °C,34.442 °C,34.431 °C,48.7 %RH,47.2 %RH,47.0 %RH
429,2014-07-25 12:56:35,34.434 °C,34.391 °C,34.390 °C,47.0 %RH,45.7 %RH,45.2 %RH
430,2014-07-25 12:57:05,34.390 °C,34.318 °C,34.315 °C,47.2 %RH,46.7 %RH,45.7 %RH
431,2014-07-25 12:57:35,34.320 °C,34.239 °C,34.239 °C,48.5 %RH,48.5 %RH,46.5 %RH
432,2014-07-25 12:58:05,34.237 °C,34.193 °C,34.193 °C,50.0 %RH,50.0 %RH,48.5 %RH
433,2014-07-25 12:58:35,34.190 °C,34.186 °C,34.174 °C,51.0 %RH,49.0 %RH,48.7 %RH
434,2014-07-25 12:59:05,34.253 °C,34.253 °C,34.188 °C,49.2 %RH,48.5 %RH,48.5 %RH
435,2014-07-25 12:59:35,34.350 °C,34.350 °C,34.258 °C,49.2 %RH,48.7 %RH,47.7 %RH
436,2014-07-25 13:00:05,34.412 °C,34.412 °C,34.355 °C,49.0 %RH,48.0 %RH,47.2 %RH
437,2014-07-25 13:00:35,34.415 °C,34.396 °C,34.396 °C,50.5 %RH,49.0 %RH,48.2 %RH
438,2014-07-25 13:01:05,34.394 °C,34.328 °C,34.328 °C,52.0 %RH,49.5 %RH,49.0 %RH
439,2014-07-25 13:01:35,34.328 °C,34.302 °C,34.299 °C,50.8 %RH,50.8 %RH,48.7 %RH
440,2014-07-25 13:02:05,34.321 °C,34.321 °C,34.302 °C,50.5 %RH,48.0 %RH,48.0 %RH
441,2014-07-25 13:02:35,34.345 °C,34.345 °C,34.321 °C,48.7 %RH,48.0 %RH,47.7 %RH
442,2014-07-25 13:03:05,34.399 °C,34.399 °C,34.347 °C,49.8 %RH,48.7 %RH,47.5 %RH
443,2014-07-25 13:03:35,34.466 °C,34.466 °C,34.402 °C,50.0 %RH,49.0 %RH,48.7 %RH
444,2014-07-25 13:04:05,34.527 °C,34.527 °C,34.466 °C,49.5 %RH,49.0 %RH,48.2 %RH
445,2014-07-25 13:04:35,34.597 °C,34.597 °C,34.530 °C,50.3 %RH,48.7 %RH,47.2 %RH
446,2014-07-25 13:05:05,34.667 °C,34.664 °C,34.597 °C,49.0 %RH,47.7 %RH,46.5 %RH
447,2014-07-25 13:05:35,34.697 °C,34.686 °C,34.668 °C,49.2 %RH,49.2 %RH,46.5 %RH
448,2014-07-25 13:06:05,34.686 °C,34.654 °C,34.654 °C,50.0 %RH,48.5 %RH,48.2 %RH
449,2014-07-25 13:06:35,34.654 °C,34.640 °C,34.638 °C,49.2 %RH,47.0 %RH,47.0 %RH
450,2014-07-25 13:07:05,34.648 °C,34.593 °C,34.593 °C,49.2 %RH,48.7 %RH,47.2 %RH
451,2014-07-25 13:07:35,34.593 °C,34.585 °C,34.576 °C,48.7 %RH,48.0 %RH,48.0 %RH
452,2014-07-25 13:08:05,34.640 °C,34.640 °C,34.585 °C,48.2 %RH,47.5 %RH,46.7 %RH
453,2014-07-25 13:08:35,34.694 °C,34.694 °C,34.644 °C,47.7 %RH,46.0 %RH,45.2 %RH
454,2014-07-25 13:09:05,34.795 °C,34.795 °C,34.688 °C,48.5 %RH,47.5 %RH,46.0 %RH
455,2014-07-25 13:09:35,34.929 °C,34.929 °C,34.795 °C,47.2 %RH,45.2 %RH,44.3 %RH
456,2014-07-25 13:10:05,35.036 °C,35.036 °C,34.931 °C,47.5 %RH,45.7 %RH,45.5 %RH
457,2014-07-25 13:10:35,35.052 °C,35.025 °C,35.023 °C,47.5 %RH,46.2 %RH,45.5 %RH
458,2014-07-25 13:11:05,35.030 °C,35.027 °C,34.999 °C,48.0 %RH,47.5 %RH,45.2 %RH
459,2014-07-25 13:11:35,35.112 °C,35.112 °C,35.007 °C,48.0 %RH,48.0 %RH,46.7 %RH
460,2014-07-25 13:12:05,35.230 °C,35.230 °C,35.105 °C,49.0 %RH,48.2 %RH,46.5 %RH
461,2014-07-25 13:12:35,35.322 °C,35.322 °C,35.232 °C,49.0 %RH,47.5 %RH,47.2 %RH
462,2014-07-25 13:13:05,35.411 °C,35.411 °C,35.313 °C,47.2 %RH,45.0 %RH,44.7 %RH
463,2014-07-25 13:13:35,35.536 °C,35.536 °C,35.412 °C,45.2 %RH,43.8 %RH,43.8 %RH
464,2014-07-25 13:14:05,35.617 °C,35.617 °C,35.538 °C,45.0 %RH,44.7 %RH,42.6 %RH
465,2014-07-25 13:14:35,35.690 °C,35.690 °C,35.620 °C,45.2 %RH,44.7 %RH,42.6 %RH
466,2014-07-25 13:15:05,35.758 °C,35.753 °C,35.693 °C,46.7 %RH,45.5 %RH,44.0 %RH
467,2014-07-25 13:15:35,35.771 °C,35.763 °C,35.756 °C,47.7 %RH,46.0 %RH,45.0 %RH
468,2014-07-25 13:16:05,35.771 °C,35.766 °C,35.758 °C,47.0 %RH,45.2 %RH,44.3 %RH
469,2014-07-25 13:16:35,35.790 °C,35.784 °C,35.769 °C,45.2 %RH,43.0 %RH,42.6 %RH
470,2014-07-25 13:17:05,35.795 °C,35.756 °C,35.756 °C,43.5 %RH,42.8 %RH,42.6 %RH
471,2014-07-25 13:17:35,35.759 °C,35.669 °C,35.669 °C,43.3 %RH,41.6 %RH,41.6 %RH
472,2014-07-25 13:18:05,35.669 °C,35.651 °C,35.637 °C,44.0 %RH,43.5 %RH,41.4 %RH
473,2014-07-25 13:18:35,35.654 °C,35.624 °C,35.624 °C,47.0 %RH,46.0 %RH,43.3 %RH
474,2014-07-25 13:19:05,35.619 °C,35.491 °C,35.491 °C,48.0 %RH,47.0 %RH,46.0 %RH
475,2014-07-25 13:19:35,35.488 °C,35.372 °C,35.372 °C,47.2 %RH,46.7 %RH,46.5 %RH
476,2014-07-25 13:20:05,35.370 °C,35.279 °C,35.279 °C,48.0 %RH,47.2 %RH,46.5 %RH
477,2014-07-25 13:20:35,35.277 °C,35.174 °C,35.174 °C,48.0 %RH,47.5 %RH,47.0 %RH
478,2014-07-25 13:21:05,35.173 °C,35.007 °C,35.007 °C,49.0 %RH,49.0 %RH,47.0 %RH
479,2014-07-25 13:21:35,35.004 °C,34.841 °C,34.841 °C,50.8 %RH,48.5 %RH,48.2 %RH
480,2014-07-25 13:22:05,34.835 °C,34.697 °C,34.697 °C,50.0 %RH,48.0 %RH,47.7 %RH
481,2014-07-25 13:22:35,34.696 °C,34.584 °C,34.584 °C,48.0 %RH,47.7 %RH,47.5 %RH
482,2014-07-25 13:23:05,34.579 °C,34.507 °C,34.507 °C,48.0 %RH,46.7 %RH,46.7 %RH
483,2014-07-25 13:23:35,34.506 °C,34.484 °C,34.477 °C,46.7 %RH,45.5 %RH,45.5 %RH
484,2014-07-25 13:24:05,34.562 °C,34.562 °C,34.482 °C,45.7 %RH,43.3 %RH,43.3 %RH
485,2014-07-25 13:24:35,34.684 °C,34.684 °C,34.566 °C,45.0 %RH,45.0 %RH,43.3 %RH
486,2014-07-25 13:25:05,34.831 °C,34.831 °C,34.691 °C,46.7 %RH,46.7 %RH,45.0 %RH
487,2014-07-25 13:25:35,34.953 °C,34.953 °C,34.844 °C,47.0 %RH,46.7 %RH,45.5 %RH
488,2014-07-25 13:26:05,35.036 °C,35.035 °C,34.956 °C,48.5 %RH,46.0 %RH,46.0 %RH
489,2014-07-25 13:26:35,35.120 °C,35.120 °C,35.041 °C,46.7 %RH,44.5 %RH,44.3 %RH
490,2014-07-25 13:27:05,35.198 °C,35.198 °C,35.123 °C,46.2 %RH,45.0 %RH,44.3 %RH
491,2014-07-25 13:27:35,35.319 °C,35.319 °C,35.202 °C,45.7 %RH,44.3 %RH,44.3 %RH
492,2014-07-25 13:28:05,35.445 °C,35.445 °C,35.324 °C,44.0 %RH,43.8 %RH,43.0 %RH
493,2014-07-25 13:28:35,35.540 °C,35.540 °C,35.446 °C,44.0 %RH,42.1 %RH,42.1 %RH
494,2014-07-25 13:29:05,35.622 °C,35.622 °C,35.535 °C,44.7 %RH,44.7 %RH,42.3 %RH
495,2014-07-25 13:29:35,35.747 °C,35.743 °C,35.625 °C,44.3 %RH,42.8 %RH,41.1 %RH
496,2014-07-25 13:30:05,35.816 °C,35.810 °C,35.743 °C,45.0 %RH,45.0 %RH,42.8 %RH
497,2014-07-25 13:30:35,35.837 °C,35.836 °C,35.815 °C,45.5 %RH,42.6 %RH,42.6 %RH
498,2014-07-25 13:31:05,35.839 °C,35.837 °C,35.818 °C,44.3 %RH,43.5 %RH,42.6 %RH
499,2014-07-25 13:31:35,35.853 °C,35.852 °C,35.839 °C,46.5 %RH,44.7 %RH,43.5 %RH
500,2014-07-25 13:32:05,35.850 °C,35.779 °C,35.779 °C,46.2 %RH,44.5 %RH,44.5 %RH
501,2014-07-25 13:32:35,35.777 °C,35.698 °C,35.696 °C,47.2 %RH,45.0 %RH,44.5 %RH
502,2014-07-25 13:33:05,35.692 °C,35.612 °C,35.612 °C,45.5 %RH,44.7 %RH,44.5 %RH
503,2014-07-25 13:33:35,35.611 °C,35.501 °C,35.496 °C,48.0 %RH,47.5 %RH,44.7 %RH
504,2014-07-25 13:34:05,35.488 °C,35.404 °C,35.403 °C,47.7 %RH,46.5 %RH,46.5 %RH
505,2014-07-25 13:34:35,35.401 °C,35.353 °C,35.353 °C,46.5 %RH,46.0 %RH,45.0 %RH
506,2014-07-25 13:35:05,35.391 °C,35.391 °C,35.343 °C,46.0 %RH,44.3 %RH,44.0 %RH
507,2014-07-25 13:35:35,35.546 °C,35.546 °C,35.395 °C,44.5 %RH,42.8 %RH,42.6 %RH
508,2014-07-25 13:36:05,35.709 °C,35.709 °C,35.553 °C,43.0 %RH,43.0 %RH,42.1 %RH
509,2014-07-25 13:36:35,35.878 °C,35.878 °C,35.724 °C,47.0 %RH,43.5 %RH,43.3 %RH
510,2014-07-25 13:37:05,35.982 °C,35.982 °C,35.887 °C,43.8 %RH,43.5 %RH,42.1 %RH
511,2014-07-25 13:37:35,36.053 °C,36.053 °C,35.985 °C,45.2 %RH,44.7 %RH,42.3 %RH
512,2014-07-25 13:38:05,36.118 °C,36.118 °C,36.053 °C,45.0 %RH,43.3 %RH,43.0 %RH
513,2014-07-25 13:38:35,36.175 °C,36.154 °C,36.121 °C,43.3 %RH,41.8 %RH,41.8 %RH
514,2014-07-25 13:39:05,36.183 °C,36.139 °C,36.139 °C,43.0 %RH,42.6 %RH,41.6 %RH
515,2014-07-25 13:39:35,36.131 °C,36.056 °C,36.056 °C,43.0 %RH,42.3 %RH,42.3 %RH
516,2014-07-25 13:40:05,36.059 °C,36.006 °C,36.001 °C,43.5 %RH,42.6 %RH,42.3 %RH
517,2014-07-25 13:40:35,36.004 °C,35.951 °C,35.947 °C,44.7 %RH,43.0 %RH,42.6 %RH
518,2014-07-25 13:41:05,35.954 °C,35.943 °C,35.933 °C,44.7 %RH,44.5 %RH,42.3 %RH
519,2014-07-25 13:41:35,35.975 °C,35.969 °C,35.943 °C,44.5 %RH,42.1 %RH,42.1 %RH
520,2014-07-25 13:42:05,35.980 °C,35.957 °C,35.957 °C,44.7 %RH,43.8 %RH,42.6 %RH
521,2014-07-25 13:42:35,35.959 °C,35.957 °C,35.947 °C,44.3 %RH,44.3 %RH,42.8 %RH
522,2014-07-25 13:43:05,35.993 °C,35.993 °C,35.960 °C,44.3 %RH,42.8 %RH,42.1 %RH
523,2014-07-25 13:43:35,36.035 °C,36.035 °C,35.991 °C,45.0 %RH,45.0 %RH,41.8 %RH
524,2014-07-25 13:44:05,36.069 °C,36.069 °C,36.033 °C,45.2 %RH,44.3 %RH,43.8 %RH
525,2014-07-25 13:44:35,36.137 °C,36.137 °C,36.071 °C,43.8 %RH,43.3 %RH,42.3 %RH
526,2014-07-25 13:45:05,36.240 °C,36.240 °C,36.141 °C,44.7 %RH,44.5 %RH,43.3 %RH
527,2014-07-25 13:45:35,36.322 °C,36.322 °C,36.245 °C,45.0 %RH,42.8 %RH,42.1 %RH
528,2014-07-25 13:46:05,36.325 °C,36.315 °C,36.315 °C,44.5 %RH,43.5 %RH,42.8 %RH
529,2014-07-25 13:46:35,36.315 °C,36.274 °C,36.274 °C,45.0 %RH,43.3 %RH,43.3 %RH
530,2014-07-25 13:47:05,36.271 °C,36.180 °C,36.180 °C,43.3 %RH,43.3 %RH,42.3 %RH
531,2014-07-25 13:47:35,36.177 °C,36.030 °C,36.030 °C,44.0 %RH,43.5 %RH,43.3 %RH
532,2014-07-25 13:48:05,36.027 °C,35.902 °C,35.902 °C,44.0 %RH,43.8 %RH,43.5 %RH
533,2014-07-25 13:48:35,35.900 °C,35.821 °C,35.818 °C,45.5 %RH,44.7 %RH,43.8 %RH
534,2014-07-25 13:49:05,35.818 °C,35.766 °C,35.764 °C,45.7 %RH,45.7 %RH,44.5 %RH
535,2014-07-25 13:49:35,35.766 °C,35.714 °C,35.709 °C,45.7 %RH,45.0 %RH,44.7 %RH
536,2014-07-25 13:50:05,35.711 °C,35.638 °C,35.638 °C,46.0 %RH,45.2 %RH,44.7 %RH
537,2014-07-25 13:50:35,35.638 °C,35.575 °C,35.575 °C,45.2 %RH,44.7 %RH,44.3 %RH
538,2014-07-25 13:51:05,35.572 °C,35.527 °C,35.527 °C,45.7 %RH,45.7 %RH,44.7 %RH
539,2014-07-25 13:51:35,35.525 °C,35.506 °C,35.501 °C,45.7 %RH,45.0 %RH,44.0 %RH
540,2014-07-25 13:52:05,35.501 °C,35.461 °C,35.461 °C,45.7 %RH,45.5 %RH,44.7 %RH
541,2014-07-25 13:52:35,35.461 °C,35.406 °C,35.404 °C,45.7 %RH,45.2 %RH,45.2 %RH
542,2014-07-25 13:53:05,35.401 °C,35.277 °C,35.277 °C,45.5 %RH,45.2 %RH,45.0 %RH
543,2014-07-25 13:53:35,35.277 °C,35.205 °C,35.205 °C,45.2 %RH,44.5 %RH,44.3 %RH
544,2014-07-25 13:54:05,35.205 °C,35.166 °C,35.166 °C,44.7 %RH,44.0 %RH,43.8 %RH
545,2014-07-25 13:54:35,35.166 °C,35.118 °C,35.118 °C,46.0 %RH,45.7 %RH,44.0 %RH
546,2014-07-25 13:55:05,35.123 °C,35.096 °C,35.094 °C,45.5 %RH,45.2 %RH,45.0 %RH
547,2014-07-25 13:55:35,35.177 °C,35.177 °C,35.096 °C,46.5 %RH,44.0 %RH,43.3 %RH
548,2014-07-25 13:56:05,35.359 °C,35.359 °C,35.179 °C,44.0 %RH,42.3 %RH,42.3 %RH
549,2014-07-25 13:56:35,35.595 °C,35.595 °C,35.364 °C,44.3 %RH,42.8 %RH,42.3 %RH
550,2014-07-25 13:57:05,35.763 °C,35.763 °C,35.598 °C,43.5 %RH,43.0 %RH,42.8 %RH
551,2014-07-25 13:57:35,35.943 °C,35.943 °C,35.774 °C,43.5 %RH,42.3 %RH,42.1 %RH
552,2014-07-25 13:58:05,36.102 °C,36.102 °C,35.949 °C,42.1 %RH,40.6 %RH,39.4 %RH
553,2014-07-25 13:58:35,36.273 °C,36.273 °C,36.107 °C,41.1 %RH,40.6 %RH,40.1 %RH
554,2014-07-25 13:59:05,36.447 °C,36.447 °C,36.284 °C,42.1 %RH,40.1 %RH,40.1 %RH
555,2014-07-25 13:59:35,36.552 °C,36.547 °C,36.450 °C,40.6 %RH,40.4 %RH,38.9 %RH
556,2014-07-25 14:00:05,36.666 °C,36.665 °C,36.553 °C,43.0 %RH,41.4 %RH,39.9 %RH
557,2014-07-25 14:00:35,36.816 °C,36.816 °C,36.650 °C,43.8 %RH,42.3 %RH,40.9 %RH
558,2014-07-25 14:01:05,36.996 °C,36.996 °C,36.822 °C,43.0 %RH,38.7 %RH,38.7 %RH
559,2014-07-25 14:01:35,37.165 °C,37.165 °C,37.005 °C,41.1 %RH,40.9 %RH,38.4 %RH
560,2014-07-25 14:02:05,37.295 °C,37.295 °C,37.163 °C,40.6 %RH,39.7 %RH,37.7 %RH
561,2014-07-25 14:02:35,37.316 °C,37.303 °C,37.287 °C,42.3 %RH,39.2 %RH,39.2 %RH
562,2014-07-25 14:03:05,37.302 °C,37.224 °C,37.224 °C,41.1 %RH,41.1 %RH,39.2 %RH
563,2014-07-25 14:03:35,37.232 °C,37.161 °C,37.160 °C,42.8 %RH,40.9 %RH,40.9 %RH
564,2014-07-25 14:04:05,37.169 °C,37.112 °C,37.112 °C,42.6 %RH,39.9 %RH,39.7 %RH
565,2014-07-25 14:04:35,37.108 °C,37.052 °C,37.043 °C,40.4 %RH,40.4 %RH,39.2 %RH
566,2014-07-25 14:05:05,37.057 °C,36.988 °C,36.975 °C,41.4 %RH,40.6 %RH,40.4 %RH
567,2014-07-25 14:05:35,36.983 °C,36.862 °C,36.862 °C,41.4 %RH,41.4 %RH,39.9 %RH
568,2014-07-25 14:06:05,36.860 °C,36.816 °C,36.804 °C,41.8 %RH,41.6 %RH,41.1 %RH
569,2014-07-25 14:06:35,36.814 °C,36.784 °C,36.773 °C,42.3 %RH,41.6 %RH,41.6 %RH
570,2014-07-25 14:07:05,36.783 °C,36.753 °C,36.740 °C,41.8 %RH,41.6 %RH,41.4 %RH
571,2014-07-25 14:07:35,36.760 °C,36.758 °C,36.747 °C,42.1 %RH,40.1 %RH,39.9 %RH
572,2014-07-25 14:08:05,36.832 °C,36.821 °C,36.757 °C,40.6 %RH,40.4 %RH,39.9 %RH
573,2014-07-25 14:08:35,36.983 °C,36.983 °C,36.830 °C,40.1 %RH,39.4 %RH,38.2 %RH
574,2014-07-25 14:09:05,37.136 °C,37.136 °C,36.993 °C,39.9 %RH,39.4 %RH,38.9 %RH
575,2014-07-25 14:09:35,37.189 °C,37.176 °C,37.138 °C,43.8 %RH,43.3 %RH,39.4 %RH
576,2014-07-25 14:10:05,37.173 °C,37.054 °C,37.054 °C,43.5 %RH,43.0 %RH,42.6 %RH
577,2014-07-25 14:10:35,37.051 °C,36.949 °C,36.949 °C,43.5 %RH,42.8 %RH,42.6 %RH
578,2014-07-25 14:11:05,36.945 °C,36.878 °C,36.878 °C,43.3 %RH,43.3 %RH,42.3 %RH
579,2014-07-25 14:11:35,36.876 °C,36.817 °C,36.817 °C,43.8 %RH,42.8 %RH,42.6 %RH
580,2014-07-25 14:12:05,36.816 °C,36.804 °C,36.796 °C,43.3 %RH,43.0 %RH,42.8 %RH
581,2014-07-25 14:12:35,36.914 °C,36.914 °C,36.806 °C,42.8 %RH,41.1 %RH,41.1 %RH
582,2014-07-25 14:13:05,37.138 °C,37.138 °C,36.926 °C,41.8 %RH,40.1 %RH,39.9 %RH
583,2014-07-25 14:13:35,37.407 °C,37.407 °C,37.151 °C,40.6 %RH,39.2 %RH,39.2 %RH
584,2014-07-25 14:14:05,37.761 °C,37.761 °C,37.417 °C,38.9 %RH,37.7 %RH,37.7 %RH
585,2014-07-25 14:14:35,38.031 °C,38.031 °C,37.773 °C,38.4 %RH,38.2 %RH,37.2 %RH
586,2014-07-25 14:15:05,38.195 °C,38.195 °C,38.038 °C,39.4 %RH,39.4 %RH,38.2 %RH
587,2014-07-25 14:15:35,38.242 °C,38.233 °C,38.195 °C,40.1 %RH,38.9 %RH,38.9 %RH
588,2014-07-25 14:16:05,38.290 °C,38.290 °C,38.237 °C,38.9 %RH,38.4 %RH,38.4 %RH
589,2014-07-25 14:16:35,38.331 °C,38.322 °C,38.282 °C,39.4 %RH,38.9 %RH,38.0 %RH
590,2014-07-25 14:17:05,38.401 °C,38.401 °C,38.316 °C,39.4 %RH,39.4 %RH,37.2 %RH
591,2014-07-25 14:17:35,38.423 °C,38.421 °C,38.388 °C,42.3 %RH,40.9 %RH,39.2 %RH
592,2014-07-25 14:18:05,38.497 °C,38.489 °C,38.423 °C,40.9 %RH,39.4 %RH,39.4 %RH
593,2014-07-25 14:18:35,38.551 °C,38.551 °C,38.497 °C,41.4 %RH,41.4 %RH,39.7 %RH
594,2014-07-25 14:19:05,38.569 °C,38.568 °C,38.553 °C,42.8 %RH,41.1 %RH,40.9 %RH
595,2014-07-25 14:19:35,38.571 °C,38.534 °C,38.534 °C,42.1 %RH,40.1 %RH,38.9 %RH
596,2014-07-25 14:20:05,38.526 °C,38.396 °C,38.396 °C,42.1 %RH,41.8 %RH,39.9 %RH
597,2014-07-25 14:20:35,38.389 °C,38.187 °C,38.187 °C,42.8 %RH,42.1 %RH,41.1 %RH
598,2014-07-25 14:21:05,38.175 °C,37.928 °C,37.928 °C,43.3 %RH,43.3 %RH,42.1 %RH
599,2014-07-25 14:21:35,37.921 °C,37.724 °C,37.724 °C,44.5 %RH,43.5 %RH,43.0 %RH
600,2014-07-25 14:22:05,37.718 °C,37.573 °C,37.573 °C,44.0 %RH,42.3 %RH,42.1 %RH
601,2014-07-25 14:22:35,37.570 °C,37.437 °C,37.437 °C,44.5 %RH,43.8 %RH,42.8 %RH
602,2014-07-25 14:23:05,37.434 °C,37.305 °C,37.305 °C,44.0 %RH,44.0 %RH,43.0 %RH
603,2014-07-25 14:23:35,37.300 °C,37.201 °C,37.201 °C,44.0 %RH,42.3 %RH,42.3 %RH
604,2014-07-25 14:24:05,37.198 °C,37.141 °C,37.141 °C,42.6 %RH,42.6 %RH,41.4 %RH
605,2014-07-25 14:24:35,37.168 °C,37.155 °C,37.128 °C,42.6 %RH,40.6 %RH,40.6 %RH
606,2014-07-25 14:25:05,37.234 °C,37.232 °C,37.161 °C,42.6 %RH,42.6 %RH,40.6 %RH
607,2014-07-25 14:25:35,37.295 °C,37.295 °C,37.235 °C,42.6 %RH,40.4 %RH,40.4 %RH
608,2014-07-25 14:26:05,37.321 °C,37.313 °C,37.280 °C,42.1 %RH,42.1 %RH,40.6 %RH
609,2014-07-25 14:26:35,37.311 °C,37.227 °C,37.227 °C,44.0 %RH,44.0 %RH,42.1 %RH
610,2014-07-25 14:27:05,37.219 °C,37.047 °C,37.047 °C,44.3 %RH,42.6 %RH,42.3 %RH
611,2014-07-25 14:27:35,37.041 °C,36.880 °C,36.880 °C,43.8 %RH,43.0 %RH,42.6 %RH
612,2014-07-25 14:28:05,36.875 °C,36.714 °C,36.714 °C,45.0 %RH,44.0 %RH,43.3 %RH
613,2014-07-25 14:28:35,36.707 °C,36.547 °C,36.547 °C,43.8 %RH,42.6 %RH,42.3 %RH
614,2014-07-25 14:29:05,36.544 °C,36.491 °C,36.483 °C,42.8 %RH,42.8 %RH,42.1 %RH
615,2014-07-25 14:29:35,36.549 °C,36.549 °C,36.488 °C,42.8 %RH,38.7 %RH,38.7 %RH
616,2014-07-25 14:30:05,36.629 °C,36.609 °C,36.552 °C,41.4 %RH,41.4 %RH,38.4 %RH
617,2014-07-25 14:30:35,36.647 °C,36.634 °C,36.624 °C,43.3 %RH,42.6 %RH,40.9 %RH
618,2014-07-25 14:31:05,36.642 °C,36.599 °C,36.599 °C,45.2 %RH,45.2 %RH,41.6 %RH
619,2014-07-25 14:31:35,36.604 °C,36.580 °C,36.580 °C,45.2 %RH,44.3 %RH,44.0 %RH
620,2014-07-25 14:32:05,36.578 °C,36.511 °C,36.511 °C,45.2 %RH,44.5 %RH,43.8 %RH
621,2014-07-25 14:32:35,36.508 °C,36.413 °C,36.413 °C,46.2 %RH,46.0 %RH,44.3 %RH
622,2014-07-25 14:33:05,36.411 °C,36.302 °C,36.302 °C,46.0 %RH,45.2 %RH,44.0 %RH
623,2014-07-25 14:33:35,36.300 °C,36.203 °C,36.203 °C,46.7 %RH,46.5 %RH,45.2 %RH
624,2014-07-25 14:34:05,36.203 °C,36.097 °C,36.097 °C,46.7 %RH,46.2 %RH,45.5 %RH
625,2014-07-25 14:34:35,36.092 °C,36.024 °C,36.024 °C,47.0 %RH,45.0 %RH,45.0 %RH
626,2014-07-25 14:35:05,36.025 °C,35.994 °C,35.993 °C,46.2 %RH,43.5 %RH,42.8 %RH
627,2014-07-25 14:35:35,35.991 °C,35.956 °C,35.956 °C,45.0 %RH,44.5 %RH,43.8 %RH
628,2014-07-25 14:36:05,35.954 °C,35.907 °C,35.907 °C,45.2 %RH,45.0 %RH,44.0 %RH
629,2014-07-25 14:36:35,35.910 °C,35.850 °C,35.850 °C,45.2 %RH,44.3 %RH,44.3 %RH
630,2014-07-25 14:37:05,35.845 °C,35.734 °C,35.734 °C,45.7 %RH,45.7 %RH,44.0 %RH
631,2014-07-25 14:37:35,35.730 °C,35.625 °C,35.625 °C,47.2 %RH,47.0 %RH,45.7 %RH
632,2014-07-25 14:38:05,35.620 °C,35.533 °C,35.533 °C,47.0 %RH,44.0 %RH,43.8 %RH
633,2014-07-25 14:38:35,35.533 °C,35.493 °C,35.486 °C,45.5 %RH,45.5 %RH,44.3 %RH
634,2014-07-25 14:39:05,35.491 °C,35.462 °C,35.462 °C,47.5 %RH,47.0 %RH,45.5 %RH
635,2014-07-25 14:39:35,35.467 °C,35.448 °C,35.448 °C,46.7 %RH,44.0 %RH,43.5 %RH
636,2014-07-25 14:40:05,35.451 °C,35.411 °C,35.411 °C,48.2 %RH,48.0 %RH,43.3 %RH
637,2014-07-25 14:40:35,35.414 °C,35.404 °C,35.401 °C,51.0 %RH,51.0 %RH,45.2 %RH
638,2014-07-25 14:41:05,35.427 °C,35.427 °C,35.401 °C,56.1 %RH,49.0 %RH,49.0 %RH
639,2014-07-25 14:41:35,35.464 °C,35.464 °C,35.427 °C,51.3 %RH,51.3 %RH,45.7 %RH
640,2014-07-25 14:42:05,35.496 °C,35.496 °C,35.459 °C,51.5 %RH,49.8 %RH,49.0 %RH
641,2014-07-25 14:42:35,35.525 °C,35.525 °C,35.490 °C,49.5 %RH,47.5 %RH,47.2 %RH
642,2014-07-25 14:43:05,35.551 °C,35.543 °C,35.517 °C,48.0 %RH,47.7 %RH,46.2 %RH
643,2014-07-25 14:43:35,35.554 °C,35.554 °C,35.545 °C,47.7 %RH,44.7 %RH,44.3 %RH
644,2014-07-25 14:44:05,35.554 °C,35.530 °C,35.530 °C,46.2 %RH,46.2 %RH,44.5 %RH
645,2014-07-25 14:44:35,35.533 °C,35.504 °C,35.504 °C,46.5 %RH,44.3 %RH,44.0 %RH
646,2014-07-25 14:45:05,35.503 °C,35.427 °C,35.427 °C,44.5 %RH,44.3 %RH,44.0 %RH
647,2014-07-25 14:45:35,35.425 °C,35.346 °C,35.346 °C,48.2 %RH,48.2 %RH,44.5 %RH
648,2014-07-25 14:46:05,35.345 °C,35.284 °C,35.284 °C,48.7 %RH,45.7 %RH,45.7 %RH
649,2014-07-25 14:46:35,35.280 °C,35.230 °C,35.230 °C,47.0 %RH,45.7 %RH,45.2 %RH
650,2014-07-25 14:47:05,35.237 °C,35.226 °C,35.214 °C,47.5 %RH,46.5 %RH,45.7 %RH
651,2014-07-25 14:47:35,35.322 °C,35.322 °C,35.232 °C,46.2 %RH,43.8 %RH,43.3 %RH
652,2014-07-25 14:48:05,35.488 °C,35.488 °C,35.332 °C,45.7 %RH,45.7 %RH,43.8 %RH
653,2014-07-25 14:48:35,35.675 °C,35.675 °C,35.488 °C,47.0 %RH,46.7 %RH,45.7 %RH
654,2014-07-25 14:49:05,35.834 °C,35.834 °C,35.677 °C,46.7 %RH,45.7 %RH,45.7 %RH
655,2014-07-25 14:49:35,35.988 °C,35.988 °C,35.834 °C,48.0 %RH,48.0 %RH,46.0 %RH
656,2014-07-25 14:50:05,36.141 °C,36.141 °C,35.999 °C,48.5 %RH,42.6 %RH,42.6 %RH
657,2014-07-25 14:50:35,36.278 °C,36.278 °C,36.134 °C,43.3 %RH,43.3 %RH,42.3 %RH
658,2014-07-25 14:51:05,36.388 °C,36.388 °C,36.281 °C,46.0 %RH,46.0 %RH,43.5 %RH
659,2014-07-25 14:51:35,36.486 °C,36.486 °C,36.392 °C,47.5 %RH,46.5 %RH,45.5 %RH
660,2014-07-25 14:52:05,36.607 °C,36.606 °C,36.493 °C,50.0 %RH,49.8 %RH,46.7 %RH
661,2014-07-25 14:52:35,36.709 °C,36.709 °C,36.612 °C,51.5 %RH,51.5 %RH,49.2 %RH
662,2014-07-25 14:53:05,36.786 °C,36.786 °C,36.707 °C,52.3 %RH,47.5 %RH,46.7 %RH
663,2014-07-25 14:53:35,36.812 °C,36.812 °C,36.788 °C,52.5 %RH,49.2 %RH,47.7 %RH
664,2014-07-25 14:54:05,36.817 °C,36.794 °C,36.794 °C,50.0 %RH,50.0 %RH,47.5 %RH
665,2014-07-25 14:54:35,36.796 °C,36.765 °C,36.761 °C,52.0 %RH,46.7 %RH,46.7 %RH
666,2014-07-25 14:55:05,36.761 °C,36.691 °C,36.691 °C,48.2 %RH,47.7 %RH,46.5 %RH
667,2014-07-25 14:55:35,36.689 °C,36.616 °C,36.611 °C,47.5 %RH,46.2 %RH,46.2 %RH
668,2014-07-25 14:56:05,36.609 °C,36.544 °C,36.544 °C,46.0 %RH,43.8 %RH,43.8 %RH
669,2014-07-25 14:56:35,36.540 °C,36.473 °C,36.473 °C,45.0 %RH,45.0 %RH,43.5 %RH
670,2014-07-25 14:57:05,36.467 °C,36.382 °C,36.382 °C,45.0 %RH,43.8 %RH,43.3 %RH
671,2014-07-25 14:57:35,36.380 °C,36.291 °C,36.291 °C,45.0 %RH,45.0 %RH,43.3 %RH
672,2014-07-25 14:58:05,36.287 °C,36.206 °C,36.206 °C,45.0 %RH,44.7 %RH,43.3 %RH
673,2014-07-25 14:58:35,36.206 °C,36.152 °C,36.152 °C,44.7 %RH,44.5 %RH,44.3 %RH
674,2014-07-25 14:59:05,36.154 °C,36.120 °C,36.120 °C,46.2 %RH,46.0 %RH,44.5 %RH
675,2014-07-25 14:59:35,36.120 °C,36.097 °C,36.095 °C,46.7 %RH,44.7 %RH,44.7 %RH
676,2014-07-25 15:00:05,36.094 °C,36.074 °C,36.074 °C,45.2 %RH,44.0 %RH,44.0 %RH
677,2014-07-25 15:00:35,36.072 °C,36.046 °C,36.046 °C,45.2 %RH,45.0 %RH,43.5 %RH
678,2014-07-25 15:01:05,36.045 °C,36.016 °C,36.016 °C,45.2 %RH,43.5 %RH,43.3 %RH
679,2014-07-25 15:01:35,36.014 °C,35.983 °C,35.982 °C,48.0 %RH,48.0 %RH,43.8 %RH
680,2014-07-25 15:02:05,35.993 °C,35.938 °C,35.938 °C,48.5 %RH,44.0 %RH,44.0 %RH
681,2014-07-25 15:02:35,35.938 °C,35.887 °C,35.881 °C,48.2 %RH,48.0 %RH,44.0 %RH
682,2014-07-25 15:03:05,35.899 °C,35.850 °C,35.850 °C,48.7 %RH,45.5 %RH,45.5 %RH
683,2014-07-25 15:03:35,35.850 °C,35.810 °C,35.808 °C,45.5 %RH,44.3 %RH,44.3 %RH
684,2014-07-25 15:04:05,35.806 °C,35.753 °C,35.753 °C,44.7 %RH,44.7 %RH,44.0 %RH
685,2014-07-25 15:04:35,35.751 °C,35.711 °C,35.711 °C,45.2 %RH,44.0 %RH,44.0 %RH
686,2014-07-25 15:05:05,35.711 °C,35.662 °C,35.661 °C,44.7 %RH,44.7 %RH,43.5 %RH
687,2014-07-25 15:05:35,35.658 °C,35.593 °C,35.591 °C,47.7 %RH,47.5 %RH,45.0 %RH
688,2014-07-25 15:06:05,35.595 °C,35.590 °C,35.585 °C,47.2 %RH,46.0 %RH,46.0 %RH
689,2014-07-25 15:06:35,35.662 °C,35.658 °C,35.598 °C,45.7 %RH,45.0 %RH,44.7 %RH
690,2014-07-25 15:07:05,35.771 °C,35.771 °C,35.659 °C,46.7 %RH,46.5 %RH,44.0 %RH
691,2014-07-25 15:07:35,36.001 °C,36.001 °C,35.776 °C,46.5 %RH,41.4 %RH,41.4 %RH
692,2014-07-25 15:08:05,36.248 °C,36.248 °C,36.014 °C,42.3 %RH,42.3 %RH,40.4 %RH
693,2014-07-25 15:08:35,36.460 °C,36.460 °C,36.260 °C,42.3 %RH,40.1 %RH,40.1 %RH
694,2014-07-25 15:09:05,36.696 °C,36.696 °C,36.467 °C,40.6 %RH,40.1 %RH,39.7 %RH
695,2014-07-25 15:09:35,36.888 °C,36.888 °C,36.704 °C,40.1 %RH,39.2 %RH,38.4 %RH
696,2014-07-25 15:10:05,37.028 °C,37.028 °C,36.896 °C,39.4 %RH,39.4 %RH,37.7 %RH
697,2014-07-25 15:10:35,37.183 °C,37.183 °C,37.031 °C,41.1 %RH,40.9 %RH,39.4 %RH
698,2014-07-25 15:11:05,37.401 °C,37.401 °C,37.191 °C,41.6 %RH,41.1 %RH,39.9 %RH
699,2014-07-25 15:11:35,37.547 °C,37.545 °C,37.396 °C,41.4 %RH,39.7 %RH,39.4 %RH
700,2014-07-25 15:12:05,37.618 °C,37.618 °C,37.545 °C,42.6 %RH,41.6 %RH,38.0 %RH
701,2014-07-25 15:12:35,37.754 °C,37.754 °C,37.616 °C,41.4 %RH,38.7 %RH,38.7 %RH
702,2014-07-25 15:13:05,37.901 °C,37.901 °C,37.759 °C,41.1 %RH,41.1 %RH,38.4 %RH
703,2014-07-25 15:13:35,37.946 °C,37.946 °C,37.906 °C,48.5 %RH,48.5 %RH,41.1 %RH
704,2014-07-25 15:14:05,37.956 °C,37.956 °C,37.933 °C,50.5 %RH,49.2 %RH,49.0 %RH
705,2014-07-25 15:14:35,37.953 °C,37.934 °C,37.931 °C,48.7 %RH,44.5 %RH,44.5 %RH
706,2014-07-25 15:15:05,38.106 °C,38.106 °C,37.933 °C,44.0 %RH,38.4 %RH,37.5 %RH
707,2014-07-25 15:15:35,38.245 °C,38.225 °C,38.115 °C,39.9 %RH,39.9 %RH,38.4 %RH
708,2014-07-25 15:16:05,38.252 °C,38.208 °C,38.208 °C,41.1 %RH,41.1 %RH,39.4 %RH
709,2014-07-25 15:16:35,38.207 °C,38.150 °C,38.148 °C,41.1 %RH,40.9 %RH,40.4 %RH
710,2014-07-25 15:17:05,38.148 °C,38.113 °C,38.113 °C,40.9 %RH,40.9 %RH,40.4 %RH
711,2014-07-25 15:17:35,38.120 °C,38.108 °C,38.093 °C,40.9 %RH,38.9 %RH,38.9 %RH
712,2014-07-25 15:18:05,38.130 °C,38.120 °C,38.101 °C,40.4 %RH,40.4 %RH,38.9 %RH
713,2014-07-25 15:18:35,38.136 °C,38.118 °C,38.106 °C,40.6 %RH,39.4 %RH,39.4 %RH
714,2014-07-25 15:19:05,38.126 °C,38.125 °C,38.111 °C,39.2 %RH,38.9 %RH,38.4 %RH
715,2014-07-25 15:19:35,38.170 °C,38.170 °C,38.115 °C,40.6 %RH,39.4 %RH,39.2 %RH
716,2014-07-25 15:20:05,38.198 °C,38.198 °C,38.148 °C,39.4 %RH,37.7 %RH,37.7 %RH
717,2014-07-25 15:20:35,38.269 °C,38.269 °C,38.197 °C,38.2 %RH,37.7 %RH,37.2 %RH
718,2014-07-25 15:21:05,38.363 °C,38.363 °C,38.272 °C,37.7 %RH,37.5 %RH,37.0 %RH
719,2014-07-25 15:21:35,38.490 °C,38.490 °C,38.368 °C,37.7 %RH,36.5 %RH,36.3 %RH
720,2014-07-25 15:22:05,38.632 °C,38.632 °C,38.485 °C,37.2 %RH,36.0 %RH,35.8 %RH
721,2014-07-25 15:22:35,38.787 °C,38.787 °C,38.633 °C,36.8 %RH,36.3 %RH,35.8 %RH
722,2014-07-25 15:23:05,38.959 °C,38.959 °C,38.789 °C,36.3 %RH,34.8 %RH,34.8 %RH
723,2014-07-25 15:23:35,39.148 °C,39.148 °C,38.965 °C,34.6 %RH,33.4 %RH,33.4 %RH
724,2014-07-25 15:24:05,39.321 °C,39.321 °C,39.151 °C,65.4 %RH,65.4 %RH,33.4 %RH
725,2014-07-25 15:24:35,39.352 °C,39.333 °C,39.320 °C,76.1 %RH,76.1 %RH,66.0 %RH
726,2014-07-25 15:25:05,39.335 °C,39.262 °C,39.258 °C,79.9 %RH,79.9 %RH,76.1 %RH
727,2014-07-25 15:25:35,39.253 °C,39.177 °C,39.177 °C,81.9 %RH,81.9 %RH,79.9 %RH
728,2014-07-25 15:26:05,39.175 °C,39.115 °C,39.115 °C,83.2 %RH,82.9 %RH,81.9 %RH
729,2014-07-25 15:26:35,39.119 °C,39.080 °C,39.080 °C,84.0 %RH,84.0 %RH,83.2 %RH
730,2014-07-25 15:27:05,39.078 °C,39.056 °C,39.054 °C,84.3 %RH,84.3 %RH,84.0 %RH
731,2014-07-25 15:27:35,39.053 °C,39.029 °C,39.029 °C,84.6 %RH,84.0 %RH,84.0 %RH
732,2014-07-25 15:28:05,39.031 °C,39.002 °C,39.002 °C,84.0 %RH,83.5 %RH,83.5 %RH
733,2014-07-25 15:28:35,39.005 °C,38.976 °C,38.976 °C,83.5 %RH,83.2 %RH,83.2 %RH
734,2014-07-25 15:29:05,38.975 °C,38.946 °C,38.946 °C,83.2 %RH,81.9 %RH,81.9 %RH
735,2014-07-25 15:29:35,38.948 °C,38.904 °C,38.904 °C,81.9 %RH,80.8 %RH,80.8 %RH
736,2014-07-25 15:30:05,38.909 °C,38.865 °C,38.860 °C,80.8 %RH,80.5 %RH,80.2 %RH
737,2014-07-25 15:30:35,38.865 °C,38.807 °C,38.807 °C,80.8 %RH,80.5 %RH,80.5 %RH
738,2014-07-25 15:31:05,38.809 °C,38.758 °C,38.758 °C,80.8 %RH,79.9 %RH,79.7 %RH
739,2014-07-25 15:31:35,38.762 °C,38.709 °C,38.709 °C,79.9 %RH,78.6 %RH,78.6 %RH
740,2014-07-25 15:32:05,38.706 °C,38.650 °C,38.650 °C,79.1 %RH,78.0 %RH,77.8 %RH
741,2014-07-25 15:32:35,38.650 °C,38.583 °C,38.583 °C,78.0 %RH,77.2 %RH,77.2 %RH
742,2014-07-25 15:33:05,38.585 °C,38.512 °C,38.512 °C,77.2 %RH,76.7 %RH,76.7 %RH
743,2014-07-25 15:33:35,38.512 °C,38.440 °C,38.436 °C,76.7 %RH,76.1 %RH,75.8 %RH
744,2014-07-25 15:34:05,38.436 °C,38.354 °C,38.354 °C,76.1 %RH,75.8 %RH,75.6 %RH
745,2014-07-25 15:34:35,38.354 °C,38.275 °C,38.275 °C,76.4 %RH,75.8 %RH,75.8 %RH
746,2014-07-25 15:35:05,38.269 °C,38.193 °C,38.188 °C,76.1 %RH,74.5 %RH,74.5 %RH
747,2014-07-25 15:35:35,38.187 °C,38.101 °C,38.101 °C,75.3 %RH,75.3 %RH,74.7 %RH
748,2014-07-25 15:36:05,38.105 °C,38.016 °C,38.016 °C,75.3 %RH,74.7 %RH,74.5 %RH
749,2014-07-25 15:36:35,38.014 °C,37.928 °C,37.928 °C,75.3 %RH,74.7 %RH,74.5 %RH
750,2014-07-25 15:37:05,37.933 °C,37.844 °C,37.844 °C,74.7 %RH,74.5 %RH,74.2 %RH
751,2014-07-25 15:37:35,37.844 °C,37.759 °C,37.758 °C,74.7 %RH,74.5 %RH,74.5 %RH
752,2014-07-25 15:38:05,37.756 °C,37.665 °C,37.665 °C,74.5 %RH,74.5 %RH,74.2 %RH
753,2014-07-25 15:38:35,37.663 °C,37.585 °C,37.583 °C,75.0 %RH,73.6 %RH,73.1 %RH
754,2014-07-25 15:39:05,37.578 °C,37.492 °C,37.492 °C,75.0 %RH,75.0 %RH,73.6 %RH
755,2014-07-25 15:39:35,37.492 °C,37.407 °C,37.407 °C,75.0 %RH,75.0 %RH,74.2 %RH
756,2014-07-25 15:40:05,37.404 °C,37.326 °C,37.326 °C,75.6 %RH,75.0 %RH,74.7 %RH
757,2014-07-25 15:40:35,37.326 °C,37.252 °C,37.252 °C,78.3 %RH,78.3 %RH,75.3 %RH
758,2014-07-25 15:41:05,37.255 °C,37.196 °C,37.196 °C,81.0 %RH,80.8 %RH,78.3 %RH
759,2014-07-25 15:41:35,37.196 °C,37.153 °C,37.150 °C,81.3 %RH,80.8 %RH,80.8 %RH
760,2014-07-25 15:42:05,37.151 °C,37.125 °C,37.125 °C,81.9 %RH,81.9 %RH,80.8 %RH
761,2014-07-25 15:42:35,37.127 °C,37.100 °C,37.100 °C,82.1 %RH,82.1 %RH,81.9 %RH
762,2014-07-25 15:43:05,37.100 °C,37.084 °C,37.084 °C,82.4 %RH,81.9 %RH,81.9 %RH
763,2014-07-25 15:43:35,37.084 °C,37.061 °C,37.061 °C,82.9 %RH,82.9 %RH,81.9 %RH
764,2014-07-25 15:44:05,37.067 °C,37.059 °C,37.054 °C,83.5 %RH,82.9 %RH,82.9 %RH
765,2014-07-25 15:44:35,37.057 °C,37.047 °C,37.041 °C,83.8 %RH,83.5 %RH,82.7 %RH
766,2014-07-25 15:45:05,37.047 °C,37.033 °C,37.033 °C,84.0 %RH,82.4 %RH,81.9 %RH
767,2014-07-25 15:45:35,37.038 °C,37.003 °C,37.003 °C,82.7 %RH,76.7 %RH,76.7 %RH
768,2014-07-25 15:46:05,37.003 °C,36.950 °C,36.950 °C,80.5 %RH,79.9 %RH,76.1 %RH
769,2014-07-25 15:46:35,36.947 °C,36.898 °C,36.898 °C,81.6 %RH,81.6 %RH,79.4 %RH
770,2014-07-25 15:47:05,36.901 °C,36.860 °C,36.860 °C,82.9 %RH,81.3 %RH,81.3 %RH
771,2014-07-25 15:47:35,36.860 °C,36.822 °C,36.822 °C,82.4 %RH,79.4 %RH,79.1 %RH
772,2014-07-25 15:48:05,36.835 °C,36.783 °C,36.783 °C,82.7 %RH,80.2 %RH,79.4 %RH
773,2014-07-25 15:48:35,36.793 °C,36.745 °C,36.742 °C,82.4 %RH,82.4 %RH,79.7 %RH
774,2014-07-25 15:49:05,36.742 °C,36.699 °C,36.698 °C,83.5 %RH,83.2 %RH,82.4 %RH
775,2014-07-25 15:49:35,36.702 °C,36.655 °C,36.655 °C,83.8 %RH,81.6 %RH,81.6 %RH
776,2014-07-25 15:50:05,36.657 °C,36.606 °C,36.604 °C,81.9 %RH,81.9 %RH,81.0 %RH
777,2014-07-25 15:50:35,36.603 °C,36.542 °C,36.542 °C,82.1 %RH,81.0 %RH,81.0 %RH
778,2014-07-25 15:51:05,36.540 °C,36.467 °C,36.467 °C,80.8 %RH,79.1 %RH,78.6 %RH
779,2014-07-25 15:51:35,36.470 °C,36.380 °C,36.380 °C,79.9 %RH,79.4 %RH,78.8 %RH
780,2014-07-25 15:52:05,36.380 °C,36.278 °C,36.278 °C,79.9 %RH,79.7 %RH,79.1 %RH
781,2014-07-25 15:52:35,36.279 °C,36.178 °C,36.178 °C,79.9 %RH,79.7 %RH,79.7 %RH
782,2014-07-25 15:53:05,36.178 °C,36.066 °C,36.066 °C,79.9 %RH,79.9 %RH,79.7 %RH
783,2014-07-25 15:53:35,36.063 °C,35.967 °C,35.965 °C,80.2 %RH,80.2 %RH,79.9 %RH
784,2014-07-25 15:54:05,35.956 °C,35.847 °C,35.847 °C,80.2 %RH,80.2 %RH,80.2 %RH
785,2014-07-25 15:54:35,35.845 °C,35.734 °C,35.734 °C,80.2 %RH,80.2 %RH,80.2 %RH
786,2014-07-25 15:55:05,35.738 °C,35.627 °C,35.622 °C,80.2 %RH,80.2 %RH,79.9 %RH
787,2014-07-25 15:55:35,35.622 °C,35.507 °C,35.507 °C,80.2 %RH,80.2 %RH,80.2 %RH
788,2014-07-25 15:56:05,35.507 °C,35.361 °C,35.361 °C,80.2 %RH,38.7 %RH,38.7 %RH
789,2014-07-25 15:56:35,35.351 °C,35.078 °C,35.078 °C,38.0 %RH,31.5 %RH,31.5 %RH
790,2014-07-25 15:57:05,35.073 °C,34.745 °C,34.745 °C,31.5 %RH,31.3 %RH,30.1 %RH
791,2014-07-25 15:57:35,34.735 °C,34.388 °C,34.388 °C,32.4 %RH,32.0 %RH,31.5 %RH
792,2014-07-25 15:58:05,34.377 °C,34.026 °C,34.026 °C,32.0 %RH,32.0 %RH,31.5 %RH
793,2014-07-25 15:58:35,34.010 °C,33.652 °C,33.652 °C,33.4 %RH,32.4 %RH,32.0 %RH
794,2014-07-25 15:59:05,33.647 °C,33.326 °C,33.326 °C,38.4 %RH,35.5 %RH,32.2 %RH
795,2014-07-25 15:59:35,33.325 °C,33.038 °C,33.038 °C,38.2 %RH,38.2 %RH,34.1 %RH
796,2014-07-25 16:00:05,33.030 °C,32.758 °C,32.758 °C,39.9 %RH,38.0 %RH,36.5 %RH
797,2014-07-25 16:00:35,32.750 °C,32.497 °C,32.497 °C,37.7 %RH,35.1 %RH,34.3 %RH
798,2014-07-25 16:01:05,32.487 °C,32.240 °C,32.240 °C,37.0 %RH,35.8 %RH,34.6 %RH
799,2014-07-25 16:01:35,32.226 °C,31.992 °C,31.992 °C,36.3 %RH,34.8 %RH,34.1 %RH
800,2014-07-25 16:02:05,31.982 °C,31.733 °C,31.733 °C,37.0 %RH,35.8 %RH,35.1 %RH
801,2014-07-25 16:02:35,31.722 °C,31.459 °C,31.459 °C,35.5 %RH,34.6 %RH,34.6 %RH
802,2014-07-25 16:03:05,31.450 °C,31.175 °C,31.175 °C,36.0 %RH,36.0 %RH,34.8 %RH
803,2014-07-25 16:03:35,31.168 °C,30.896 °C,30.896 °C,36.8 %RH,36.5 %RH,35.5 %RH
804,2014-07-25 16:04:05,30.888 °C,30.629 °C,30.629 °C,36.8 %RH,36.8 %RH,36.3 %RH
805,2014-07-25 16:04:35,30.618 °C,30.370 °C,30.370 °C,37.2 %RH,37.2 %RH,36.5 %RH
806,2014-07-25 16:05:05,30.359 °C,30.139 °C,30.139 °C,38.2 %RH,37.0 %RH,37.0 %RH
807,2014-07-25 16:05:35,30.129 °C,29.920 °C,29.920 °C,37.2 %RH,36.5 %RH,36.5 %RH
808,2014-07-25 16:06:05,29.914 °C,29.710 °C,29.710 °C,37.2 %RH,37.2 %RH,36.5 %RH
809,2014-07-25 16:06:35,29.705 °C,29.510 °C,29.510 °C,37.5 %RH,37.5 %RH,37.0 %RH
